name,diversity,genre_compate,euclidean_similarity,cosine_similarity,cluster_method_name,distance_method_name
KMeans_PCA_3,0.19577210137332204,0.4,0.17634097092181358,0.5565268171349318,calculate_mean,euclidean
KMeans_PCA_3,0.557496000942696,0.6,0.16265751117298427,0.6003966258183202,calculate_mean,cosine
KMeans_PCA_3,0.031006958825588526,0.4,0.18956882149700985,0.6125699840898107,calculate_mean,manhattan
KMeans_PCA_3,0.06252657230586782,0.2,0.18912674890057726,0.6103758241345494,calculate_nearest,euclidean
KMeans_PCA_3,0.016856818794297068,0.2,0.18134325753574165,0.6271567345564835,calculate_nearest,cosine
KMeans_PCA_3,0.0238640240308464,0.5,0.18754225618852308,0.6004579185112747,calculate_nearest,manhattan
KMeans_PCA_3,0.19577210137332204,0.4,0.17634097092181358,0.5565268171349318,calculate_farthest,euclidean
KMeans_PCA_3,0.557496000942696,0.6,0.16265751117298427,0.6003966258183202,calculate_farthest,cosine
KMeans_PCA_3,0.031006958825588526,0.4,0.18956882149700985,0.6125699840898107,calculate_farthest,manhattan
GMM_PCA_2,0.19577210137332204,0.4,0.17634097092181358,0.5565268171349318,calculate_mean,euclidean
GMM_PCA_2,0.557496000942696,0.6,0.16265751117298427,0.6003966258183202,calculate_mean,cosine
GMM_PCA_2,0.031006958825588526,0.4,0.18956882149700985,0.6125699840898107,calculate_mean,manhattan
GMM_PCA_2,0.19577210137332204,0.4,0.17634097092181358,0.5565268171349318,calculate_nearest,euclidean
GMM_PCA_2,0.557496000942696,0.6,0.16265751117298427,0.6003966258183202,calculate_nearest,cosine
GMM_PCA_2,0.031006958825588526,0.4,0.18956882149700985,0.6125699840898107,calculate_nearest,manhattan
GMM_PCA_2,0.19577210137332204,0.4,0.17634097092181358,0.5565268171349318,calculate_farthest,euclidean
GMM_PCA_2,0.557496000942696,0.6,0.16265751117298427,0.6003966258183202,calculate_farthest,cosine
GMM_PCA_2,0.031006958825588526,0.4,0.18956882149700985,0.6125699840898107,calculate_farthest,manhattan
GMM_ICA_3,0.005766516237978215,0.4,0.9523050989682259,0.5618077494850037,calculate_mean,euclidean
GMM_ICA_3,0.013737853733473833,0.5,0.9379256348286509,0.5145812067631697,calculate_mean,cosine
GMM_ICA_3,0.006465221965712657,0.4,0.9510164325977657,0.5416977201723251,calculate_mean,manhattan
GMM_ICA_3,0.005766516237978215,0.4,0.9523050989682259,0.5618077494850037,calculate_nearest,euclidean
GMM_ICA_3,0.013737853733473833,0.5,0.9379256348286509,0.5145812067631697,calculate_nearest,cosine
GMM_ICA_3,0.006465221965712657,0.4,0.9510164325977657,0.5416977201723251,calculate_nearest,manhattan
GMM_ICA_3,0.007807098197282586,0.2,0.9472044390936858,0.509894089109422,calculate_farthest,euclidean
GMM_ICA_3,0.016679690640797266,0.1,0.9370567648144958,0.5418637187729062,calculate_farthest,cosine
GMM_ICA_3,0.009796405358754378,0.6,0.9488890849771586,0.5395458038121776,calculate_farthest,manhattan
GMM_ICA_9,0.007365128143027723,0.3,0.9500384738719309,0.538714397851665,calculate_mean,euclidean
GMM_ICA_9,0.013464861002958956,0.5,0.9419402915602746,0.553003758009454,calculate_mean,cosine
GMM_ICA_9,0.00692577906030231,0.4,0.9502556874799043,0.5397476955708238,calculate_mean,manhattan
GMM_ICA_9,0.007365128143027723,0.3,0.9500384738719309,0.538714397851665,calculate_nearest,euclidean
GMM_ICA_9,0.013464861002958956,0.5,0.9419402915602746,0.553003758009454,calculate_nearest,cosine
GMM_ICA_9,0.00692577906030231,0.4,0.9502556874799043,0.5397476955708238,calculate_nearest,manhattan
GMM_ICA_9,0.007365128143027723,0.3,0.9500384738719309,0.538714397851665,calculate_farthest,euclidean
GMM_ICA_9,0.013464861002958956,0.5,0.9419402915602746,0.553003758009454,calculate_farthest,cosine
GMM_ICA_9,0.00692577906030231,0.4,0.9502556874799043,0.5397476955708238,calculate_farthest,manhattan
KMeans_ICA_5,0.005766516237978215,0.4,0.9523050989682259,0.5618077494850037,calculate_mean,euclidean
KMeans_ICA_5,0.013737853733473835,0.5,0.9384750834284146,0.519327411700675,calculate_mean,cosine
KMeans_ICA_5,0.006465221965712657,0.4,0.9510164325977657,0.5416977201723251,calculate_mean,manhattan
KMeans_ICA_5,0.005766516237978215,0.4,0.9523050989682259,0.5618077494850037,calculate_nearest,euclidean
KMeans_ICA_5,0.013737853733473835,0.5,0.9384750834284146,0.519327411700675,calculate_nearest,cosine
KMeans_ICA_5,0.006465221965712657,0.4,0.9510164325977657,0.5416977201723251,calculate_nearest,manhattan
KMeans_ICA_5,0.010756090852037365,0.3,0.9502369632619717,0.5695011203487508,calculate_farthest,euclidean
KMeans_ICA_5,0.013626003778976187,0.2,0.936760769870014,0.572091595269238,calculate_farthest,cosine
KMeans_ICA_5,0.011532161215115999,0.2,0.9458656423562385,0.5196448463874817,calculate_farthest,manhattan
KMeans_Default_2,0.5048151320956161,0.4,0.12860565875891308,0.6784513198514026,calculate_mean,euclidean
KMeans_Default_2,0.9471386825845034,0.6,0.12384728839424457,0.6686545125240901,calculate_mean,cosine
KMeans_Default_2,0.5411735665565952,0.6,0.12701073566906437,0.6715290344170903,calculate_mean,manhattan
KMeans_Default_2,0.5048151320956161,0.4,0.12860565875891308,0.6784513198514026,calculate_nearest,euclidean
KMeans_Default_2,0.9471386825845034,0.6,0.12384728839424457,0.6686545125240901,calculate_nearest,cosine
KMeans_Default_2,0.5411735665565952,0.6,0.12701073566906437,0.6715290344170903,calculate_nearest,manhattan
KMeans_Default_2,0.5048151320956161,0.4,0.12860565875891308,0.6784513198514026,calculate_farthest,euclidean
KMeans_Default_2,0.9471386825845034,0.6,0.12384728839424457,0.6686545125240901,calculate_farthest,cosine
KMeans_Default_2,0.5411735665565952,0.6,0.12701073566906437,0.6715290344170903,calculate_farthest,manhattan
GMM_Default_3,0.6982943359934605,0.7,0.12458825445416608,0.6596839292079731,calculate_mean,euclidean
GMM_Default_3,0.9321903155541348,0.5,0.1286475353593053,0.6896390505293836,calculate_mean,cosine
GMM_Default_3,0.5655206737112534,0.4,0.12151648393263224,0.6431516387202363,calculate_mean,manhattan
GMM_Default_3,0.6982943359934605,0.7,0.12458825445416608,0.6596839292079731,calculate_nearest,euclidean
GMM_Default_3,0.9321903155541348,0.5,0.1286475353593053,0.6896390505293836,calculate_nearest,cosine
GMM_Default_3,0.5655206737112534,0.4,0.12151648393263224,0.6431516387202363,calculate_nearest,manhattan
GMM_Default_3,0.6982943359934605,0.7,0.12458825445416608,0.6596839292079731,calculate_farthest,euclidean
GMM_Default_3,0.9321903155541348,0.5,0.1286475353593053,0.6896390505293836,calculate_farthest,cosine
GMM_Default_3,0.5655206737112534,0.4,0.12151648393263224,0.6431516387202363,calculate_farthest,manhattan
KMeans_PCA_3,0.722230815214449,0.3,0.17488348080769955,0.5858306589328971,calculate_mean,euclidean
KMeans_PCA_3,0.5755402693687048,0.3,0.1839041673540848,0.6181839815285625,calculate_mean,cosine
KMeans_PCA_3,0.35088004088415187,0.3,0.17874282319059914,0.5633879194491207,calculate_mean,manhattan
KMeans_PCA_3,0.722230815214449,0.3,0.17488348080769955,0.5858306589328971,calculate_nearest,euclidean
KMeans_PCA_3,0.5755402693687048,0.3,0.1839041673540848,0.6181839815285625,calculate_nearest,cosine
KMeans_PCA_3,0.35088004088415187,0.3,0.17874282319059914,0.5633879194491207,calculate_nearest,manhattan
KMeans_PCA_3,0.30294471636293885,0.6,0.18596023220490115,0.5700541823262939,calculate_farthest,euclidean
KMeans_PCA_3,0.2644739961033024,0.2,0.17081193654542973,0.6866924224076625,calculate_farthest,cosine
KMeans_PCA_3,0.4601120091895177,0.4,0.20423372150566188,0.6427367597155944,calculate_farthest,manhattan
GMM_PCA_2,0.722230815214449,0.3,0.17704641198001533,0.5932346674234894,calculate_mean,euclidean
GMM_PCA_2,0.5755402693687048,0.3,0.1839041673540848,0.6181839815285625,calculate_mean,cosine
GMM_PCA_2,0.35088004088415187,0.3,0.18106537050568192,0.5720038122883414,calculate_mean,manhattan
GMM_PCA_2,0.722230815214449,0.3,0.17704641198001533,0.5932346674234894,calculate_nearest,euclidean
GMM_PCA_2,0.5755402693687048,0.3,0.1839041673540848,0.6181839815285625,calculate_nearest,cosine
GMM_PCA_2,0.35088004088415187,0.3,0.18106537050568192,0.5720038122883414,calculate_nearest,manhattan
GMM_PCA_2,0.722230815214449,0.3,0.17704641198001533,0.5932346674234894,calculate_farthest,euclidean
GMM_PCA_2,0.5755402693687048,0.3,0.1839041673540848,0.6181839815285625,calculate_farthest,cosine
GMM_PCA_2,0.35088004088415187,0.3,0.18106537050568192,0.5720038122883414,calculate_farthest,manhattan
GMM_ICA_3,0.009303398744267348,0.6,0.9556028080963863,0.5894563031288584,calculate_mean,euclidean
GMM_ICA_3,0.0111241412093698,0.3,0.9517888862758638,0.5870985657098549,calculate_mean,cosine
GMM_ICA_3,0.0087906673708534,0.6,0.957108119729621,0.6006870244795072,calculate_mean,manhattan
GMM_ICA_3,0.009303398744267348,0.6,0.9556028080963863,0.5894563031288584,calculate_nearest,euclidean
GMM_ICA_3,0.0111241412093698,0.3,0.9517888862758638,0.5870985657098549,calculate_nearest,cosine
GMM_ICA_3,0.0087906673708534,0.6,0.957108119729621,0.6006870244795072,calculate_nearest,manhattan
GMM_ICA_3,0.008953915573009195,0.3,0.9517319339405751,0.5392653985310516,calculate_farthest,euclidean
GMM_ICA_3,0.015264636221643745,0.5,0.9455637879774875,0.5911498292071865,calculate_farthest,cosine
GMM_ICA_3,0.010791895464811284,0.3,0.9520619097997522,0.5441480125061577,calculate_farthest,manhattan
GMM_ICA_9,0.00932618193078508,0.5,0.9560869450971682,0.5977556179513623,calculate_mean,euclidean
GMM_ICA_9,0.0111241412093698,0.3,0.9520155784987789,0.5895405765606037,calculate_mean,cosine
GMM_ICA_9,0.01056066055592527,0.5,0.9510964388441338,0.5435509004013231,calculate_mean,manhattan
GMM_ICA_9,0.006017793909066187,0.4,0.95745117645671,0.5989561324707993,calculate_nearest,euclidean
GMM_ICA_9,0.011540312696881399,0.6,0.9479056971641303,0.5623636112516109,calculate_nearest,cosine
GMM_ICA_9,0.004939505289896071,0.6,0.9559584913374493,0.5723939910823445,calculate_nearest,manhattan
GMM_ICA_9,0.006017793909066187,0.4,0.95745117645671,0.5989561324707993,calculate_farthest,euclidean
GMM_ICA_9,0.011540312696881399,0.6,0.9479056971641303,0.5623636112516109,calculate_farthest,cosine
GMM_ICA_9,0.004939505289896071,0.6,0.9559584913374493,0.5723939910823445,calculate_farthest,manhattan
KMeans_ICA_5,0.009303398744267348,0.6,0.9573315047582796,0.6122137919454926,calculate_mean,euclidean
KMeans_ICA_5,0.0111241412093698,0.3,0.9517888862758638,0.5870985657098549,calculate_mean,cosine
KMeans_ICA_5,0.0087906673708534,0.6,0.957108119729621,0.6006870244795072,calculate_mean,manhattan
KMeans_ICA_5,0.009303398744267348,0.6,0.9573315047582796,0.6122137919454926,calculate_nearest,euclidean
KMeans_ICA_5,0.0111241412093698,0.3,0.9517888862758638,0.5870985657098549,calculate_nearest,cosine
KMeans_ICA_5,0.0087906673708534,0.6,0.957108119729621,0.6006870244795072,calculate_nearest,manhattan
KMeans_ICA_5,0.011400104175493123,0.2,0.9506454909074478,0.5438362082323871,calculate_farthest,euclidean
KMeans_ICA_5,0.017860650531437677,0.3,0.9348309745205828,0.5541342123336229,calculate_farthest,cosine
KMeans_ICA_5,0.011038101858798832,0.1,0.9489176176376556,0.538714647660736,calculate_farthest,manhattan
KMeans_Default_2,0.5981789268272136,0.3,0.15645082738263655,0.7339386331464287,calculate_mean,euclidean
KMeans_Default_2,1.1589625026805874,0.2,0.12971485237640473,0.664748099051539,calculate_mean,cosine
KMeans_Default_2,0.7345566056164712,0.3,0.15988957979406623,0.7433884079382199,calculate_mean,manhattan
KMeans_Default_2,0.5981789268272136,0.3,0.15645082738263655,0.7339386331464287,calculate_nearest,euclidean
KMeans_Default_2,1.1589625026805874,0.2,0.12971485237640473,0.664748099051539,calculate_nearest,cosine
KMeans_Default_2,0.7345566056164712,0.3,0.15988957979406623,0.7433884079382199,calculate_nearest,manhattan
KMeans_Default_2,0.5981789268272136,0.3,0.15645082738263655,0.7339386331464287,calculate_farthest,euclidean
KMeans_Default_2,1.1589625026805874,0.2,0.12971485237640473,0.664748099051539,calculate_farthest,cosine
KMeans_Default_2,0.7345566056164712,0.3,0.15988957979406623,0.7433884079382199,calculate_farthest,manhattan
GMM_Default_3,0.5981789268272136,0.3,0.15645082738263655,0.7339386331464287,calculate_mean,euclidean
GMM_Default_3,1.198920905000303,0.2,0.14537111530096578,0.7226786429897513,calculate_mean,cosine
GMM_Default_3,0.7345566056164712,0.3,0.15988957979406623,0.7433884079382199,calculate_mean,manhattan
GMM_Default_3,0.5981789268272136,0.3,0.15645082738263655,0.7339386331464287,calculate_nearest,euclidean
GMM_Default_3,1.198920905000303,0.2,0.14537111530096578,0.7226786429897513,calculate_nearest,cosine
GMM_Default_3,0.7345566056164712,0.3,0.15988957979406623,0.7433884079382199,calculate_nearest,manhattan
GMM_Default_3,0.5981789268272136,0.3,0.15645082738263655,0.7339386331464287,calculate_farthest,euclidean
GMM_Default_3,1.198920905000303,0.2,0.14537111530096578,0.7226786429897513,calculate_farthest,cosine
GMM_Default_3,0.7345566056164712,0.3,0.15988957979406623,0.7433884079382199,calculate_farthest,manhattan
KMeans_PCA_3,0.023133030540777227,0.6,0.2142862988493927,0.6233179971862606,calculate_mean,euclidean
KMeans_PCA_3,0.734422525510117,0.3,0.17758181247323346,0.5817885052897369,calculate_mean,cosine
KMeans_PCA_3,0.023133030540777227,0.6,0.215172114230699,0.6275793670596924,calculate_mean,manhattan
KMeans_PCA_3,0.0341167192821899,0.2,0.20985800648875239,0.5998200920424649,calculate_nearest,euclidean
KMeans_PCA_3,0.016856818794297068,0.2,0.2034966638637293,0.6218017124796523,calculate_nearest,cosine
KMeans_PCA_3,0.02670524008701807,0.4,0.2119688832706168,0.6115712868449305,calculate_nearest,manhattan
KMeans_PCA_3,0.023133030540777227,0.6,0.2142862988493927,0.6233179971862606,calculate_farthest,euclidean
KMeans_PCA_3,0.734422525510117,0.3,0.17758181247323346,0.5817885052897369,calculate_farthest,cosine
KMeans_PCA_3,0.023133030540777227,0.6,0.215172114230699,0.6275793670596924,calculate_farthest,manhattan
GMM_PCA_2,0.023133030540777227,0.6,0.2142862988493927,0.6233179971862606,calculate_mean,euclidean
GMM_PCA_2,0.734422525510117,0.3,0.17758181247323346,0.5817885052897369,calculate_mean,cosine
GMM_PCA_2,0.023133030540777227,0.6,0.215172114230699,0.6275793670596924,calculate_mean,manhattan
GMM_PCA_2,0.023133030540777227,0.6,0.2142862988493927,0.6233179971862606,calculate_nearest,euclidean
GMM_PCA_2,0.734422525510117,0.3,0.17758181247323346,0.5817885052897369,calculate_nearest,cosine
GMM_PCA_2,0.023133030540777227,0.6,0.215172114230699,0.6275793670596924,calculate_nearest,manhattan
GMM_PCA_2,0.023133030540777227,0.6,0.2142862988493927,0.6233179971862606,calculate_farthest,euclidean
GMM_PCA_2,0.734422525510117,0.3,0.17758181247323346,0.5817885052897369,calculate_farthest,cosine
GMM_PCA_2,0.023133030540777227,0.6,0.215172114230699,0.6275793670596924,calculate_farthest,manhattan
GMM_ICA_3,0.005942120591515967,0.6,0.9527265186906324,0.5702002988869589,calculate_mean,euclidean
GMM_ICA_3,0.009900508093835558,0.0,0.9449058462288573,0.5635177057891213,calculate_mean,cosine
GMM_ICA_3,0.006216278604007379,0.3,0.9515638872898867,0.5528910994070276,calculate_mean,manhattan
GMM_ICA_3,0.005942120591515967,0.6,0.9527265186906324,0.5702002988869589,calculate_nearest,euclidean
GMM_ICA_3,0.009900508093835558,0.0,0.9449058462288573,0.5635177057891213,calculate_nearest,cosine
GMM_ICA_3,0.006216278604007379,0.3,0.9515638872898867,0.5528910994070276,calculate_nearest,manhattan
GMM_ICA_3,0.009502829533112565,0.3,0.9504698762786169,0.5507169578452041,calculate_farthest,euclidean
GMM_ICA_3,0.009017055880553666,0.3,0.9449201320146726,0.5915913839907057,calculate_farthest,cosine
GMM_ICA_3,0.01054688832519272,0.4,0.9534541452196725,0.5915897525929118,calculate_farthest,manhattan
GMM_ICA_9,0.00600364383643869,0.1,0.9529314501659141,0.5730531274040377,calculate_mean,euclidean
GMM_ICA_9,0.009801556239171332,0.0,0.9466641335223386,0.5640664338895877,calculate_mean,cosine
GMM_ICA_9,0.006182092770664589,0.2,0.9535789329848106,0.582109330228823,calculate_mean,manhattan
GMM_ICA_9,0.00600364383643869,0.1,0.9529314501659141,0.5730531274040377,calculate_nearest,euclidean
GMM_ICA_9,0.009801556239171332,0.0,0.9466641335223386,0.5640664338895877,calculate_nearest,cosine
GMM_ICA_9,0.006182092770664589,0.2,0.9535789329848106,0.582109330228823,calculate_nearest,manhattan
GMM_ICA_9,0.00600364383643869,0.1,0.9529314501659141,0.5730531274040377,calculate_farthest,euclidean
GMM_ICA_9,0.009801556239171332,0.0,0.9466641335223386,0.5640664338895877,calculate_farthest,cosine
GMM_ICA_9,0.006182092770664589,0.2,0.9535789329848106,0.582109330228823,calculate_farthest,manhattan
KMeans_ICA_5,0.005942120591515967,0.6,0.9527265186906324,0.5702002988869589,calculate_mean,euclidean
KMeans_ICA_5,0.010270935542621337,0.0,0.9444829168833243,0.5579618938827953,calculate_mean,cosine
KMeans_ICA_5,0.006685712294420042,0.3,0.9523092178909767,0.5636948058125626,calculate_mean,manhattan
KMeans_ICA_5,0.005942120591515967,0.6,0.9527265186906324,0.5702002988869589,calculate_nearest,euclidean
KMeans_ICA_5,0.010270935542621337,0.0,0.9444829168833243,0.5579618938827953,calculate_nearest,cosine
KMeans_ICA_5,0.006685712294420042,0.3,0.9523092178909767,0.5636948058125626,calculate_nearest,manhattan
KMeans_ICA_5,0.010575821377119234,0.4,0.9494764665195082,0.5640204005255998,calculate_farthest,euclidean
KMeans_ICA_5,0.009987428141304561,0.2,0.9442510586157739,0.6108281656846354,calculate_farthest,cosine
KMeans_ICA_5,0.011706906275425016,0.1,0.9463733263920129,0.5386289384487192,calculate_farthest,manhattan
KMeans_Default_2,0.46853648686417787,0.1,0.1397403680463144,0.7014466595618484,calculate_mean,euclidean
KMeans_Default_2,0.45582354972144906,0.3,0.14191568495089613,0.712403162763636,calculate_mean,cosine
KMeans_Default_2,0.5001457857077196,0.3,0.14184002761213735,0.7100401880817349,calculate_mean,manhattan
KMeans_Default_2,0.46853648686417787,0.1,0.1397403680463144,0.7014466595618484,calculate_nearest,euclidean
KMeans_Default_2,0.45582354972144906,0.3,0.14191568495089613,0.712403162763636,calculate_nearest,cosine
KMeans_Default_2,0.5001457857077196,0.3,0.14184002761213735,0.7100401880817349,calculate_nearest,manhattan
KMeans_Default_2,0.46853648686417787,0.1,0.1397403680463144,0.7014466595618484,calculate_farthest,euclidean
KMeans_Default_2,0.45582354972144906,0.3,0.14191568495089613,0.712403162763636,calculate_farthest,cosine
KMeans_Default_2,0.5001457857077196,0.3,0.14184002761213735,0.7100401880817349,calculate_farthest,manhattan
GMM_Default_3,0.4919520628518553,0.3,0.14596038435632103,0.7264395564327149,calculate_mean,euclidean
GMM_Default_3,0.49304435125250734,0.2,0.14411242994621953,0.7216881928215954,calculate_mean,cosine
GMM_Default_3,0.5160654517043642,0.3,0.14380829412089388,0.7187234200552911,calculate_mean,manhattan
GMM_Default_3,0.4919520628518553,0.3,0.14596038435632103,0.7264395564327149,calculate_nearest,euclidean
GMM_Default_3,0.49304435125250734,0.2,0.14411242994621953,0.7216881928215954,calculate_nearest,cosine
GMM_Default_3,0.5160654517043642,0.3,0.14380829412089388,0.7187234200552911,calculate_nearest,manhattan
GMM_Default_3,0.4919520628518553,0.3,0.14596038435632103,0.7264395564327149,calculate_farthest,euclidean
GMM_Default_3,0.49304435125250734,0.2,0.14411242994621953,0.7216881928215954,calculate_farthest,cosine
GMM_Default_3,0.5160654517043642,0.3,0.14380829412089388,0.7187234200552911,calculate_farthest,manhattan
KMeans_PCA_3,0.02155782546953354,0.1,0.21169469958210088,0.7117910646938302,calculate_mean,euclidean
KMeans_PCA_3,0.5693892704310806,0.5,0.1724544799379192,0.6896804239921468,calculate_mean,cosine
KMeans_PCA_3,0.02205665969880508,0.1,0.2105675498136032,0.7080426376191608,calculate_mean,manhattan
KMeans_PCA_3,0.037134039843368535,0.1,0.1928133512425968,0.6363890148366365,calculate_nearest,euclidean
KMeans_PCA_3,0.025152062594679222,0.0,0.18106212470014246,0.6949781221975037,calculate_nearest,cosine
KMeans_PCA_3,0.1535852840499499,0.1,0.19387956604150047,0.6416301766312557,calculate_nearest,manhattan
KMeans_PCA_3,0.02155782546953354,0.1,0.21169469958210088,0.7117910646938302,calculate_farthest,euclidean
KMeans_PCA_3,0.5693892704310806,0.5,0.1724544799379192,0.6896804239921468,calculate_farthest,cosine
KMeans_PCA_3,0.02205665969880508,0.1,0.2105675498136032,0.7080426376191608,calculate_farthest,manhattan
GMM_PCA_2,0.02155782546953354,0.1,0.21169469958210088,0.7117910646938302,calculate_mean,euclidean
GMM_PCA_2,0.5693892704310806,0.5,0.1724544799379192,0.6896804239921468,calculate_mean,cosine
GMM_PCA_2,0.02205665969880508,0.1,0.2105675498136032,0.7080426376191608,calculate_mean,manhattan
GMM_PCA_2,0.02155782546953354,0.1,0.21169469958210088,0.7117910646938302,calculate_nearest,euclidean
GMM_PCA_2,0.5693892704310806,0.5,0.1724544799379192,0.6896804239921468,calculate_nearest,cosine
GMM_PCA_2,0.02205665969880508,0.1,0.2105675498136032,0.7080426376191608,calculate_nearest,manhattan
GMM_PCA_2,0.02155782546953354,0.1,0.21169469958210088,0.7117910646938302,calculate_farthest,euclidean
GMM_PCA_2,0.5693892704310806,0.5,0.1724544799379192,0.6896804239921468,calculate_farthest,cosine
GMM_PCA_2,0.02205665969880508,0.1,0.2105675498136032,0.7080426376191608,calculate_farthest,manhattan
GMM_ICA_3,0.0072290259791508715,0.5,0.9507183484567179,0.5392954950930197,calculate_mean,euclidean
GMM_ICA_3,0.00991553431667397,0.2,0.9483593989195047,0.5805695907360945,calculate_mean,cosine
GMM_ICA_3,0.007056044588216491,0.4,0.9518857297504876,0.5530906692930571,calculate_mean,manhattan
GMM_ICA_3,0.0072290259791508715,0.5,0.9507183484567179,0.5392954950930197,calculate_nearest,euclidean
GMM_ICA_3,0.00991553431667397,0.2,0.9483593989195047,0.5805695907360945,calculate_nearest,cosine
GMM_ICA_3,0.007056044588216491,0.4,0.9518857297504876,0.5530906692930571,calculate_nearest,manhattan
GMM_ICA_3,0.009349440705289909,0.3,0.9464737944312707,0.4955217182021626,calculate_farthest,euclidean
GMM_ICA_3,0.014771823474683667,0.1,0.9451537164808324,0.5625111195981438,calculate_farthest,cosine
GMM_ICA_3,0.010166500702259143,0.3,0.949988867235415,0.5437789046347465,calculate_farthest,manhattan
GMM_ICA_9,0.0072290259791508715,0.5,0.9507183484567179,0.5392954950930197,calculate_mean,euclidean
GMM_ICA_9,0.008385309598240924,0.3,0.9477673858814964,0.5631942265474484,calculate_mean,cosine
GMM_ICA_9,0.006788782729013398,0.5,0.9502068671918064,0.5322904218782543,calculate_mean,manhattan
GMM_ICA_9,0.0072290259791508715,0.5,0.9507183484567179,0.5392954950930197,calculate_nearest,euclidean
GMM_ICA_9,0.008385309598240924,0.3,0.9477673858814964,0.5631942265474484,calculate_nearest,cosine
GMM_ICA_9,0.006788782729013398,0.5,0.9502068671918064,0.5322904218782543,calculate_nearest,manhattan
GMM_ICA_9,0.0072290259791508715,0.5,0.9507183484567179,0.5392954950930197,calculate_farthest,euclidean
GMM_ICA_9,0.008385309598240924,0.3,0.9477673858814964,0.5631942265474484,calculate_farthest,cosine
GMM_ICA_9,0.006788782729013398,0.5,0.9502068671918064,0.5322904218782543,calculate_farthest,manhattan
KMeans_ICA_5,0.0072290259791508715,0.5,0.9507183484567179,0.5392954950930197,calculate_mean,euclidean
KMeans_ICA_5,0.00991553431667397,0.2,0.9483593989195047,0.5805695907360945,calculate_mean,cosine
KMeans_ICA_5,0.007056044588216491,0.4,0.9518857297504876,0.5530906692930571,calculate_mean,manhattan
KMeans_ICA_5,0.0072290259791508715,0.5,0.9507183484567179,0.5392954950930197,calculate_nearest,euclidean
KMeans_ICA_5,0.00991553431667397,0.2,0.9483593989195047,0.5805695907360945,calculate_nearest,cosine
KMeans_ICA_5,0.007056044588216491,0.4,0.9518857297504876,0.5530906692930571,calculate_nearest,manhattan
KMeans_ICA_5,0.010362038573786326,0.3,0.950738058897503,0.5671554831219675,calculate_farthest,euclidean
KMeans_ICA_5,0.015184962038137111,0.2,0.9358062993362686,0.5479887645799161,calculate_farthest,cosine
KMeans_ICA_5,0.011203121101099639,0.2,0.9477979494502089,0.5380020885526429,calculate_farthest,manhattan
KMeans_Default_2,0.46866990458795466,0.2,0.13286669663059103,0.7087916795957447,calculate_mean,euclidean
KMeans_Default_2,1.1978061101350663,0.3,0.11018262443611156,0.648166249547242,calculate_mean,cosine
KMeans_Default_2,0.494848259894878,0.3,0.13272541612223396,0.7086871586537826,calculate_mean,manhattan
KMeans_Default_2,0.46866990458795466,0.2,0.13286669663059103,0.7087916795957447,calculate_nearest,euclidean
KMeans_Default_2,1.1978061101350663,0.3,0.11018262443611156,0.648166249547242,calculate_nearest,cosine
KMeans_Default_2,0.494848259894878,0.3,0.13272541612223396,0.7086871586537826,calculate_nearest,manhattan
KMeans_Default_2,0.46866990458795466,0.2,0.13286669663059103,0.7087916795957447,calculate_farthest,euclidean
KMeans_Default_2,1.1978061101350663,0.3,0.11018262443611156,0.648166249547242,calculate_farthest,cosine
KMeans_Default_2,0.494848259894878,0.3,0.13272541612223396,0.7086871586537826,calculate_farthest,manhattan
GMM_Default_3,0.46944693931668197,0.4,0.1327492633604375,0.7082406221903754,calculate_mean,euclidean
GMM_Default_3,1.6079749767395135,0.4,0.12709011270052023,0.7182265481700009,calculate_mean,cosine
GMM_Default_3,0.494818885032419,0.3,0.13048871010040747,0.6989155247308712,calculate_mean,manhattan
GMM_Default_3,0.46944693931668197,0.4,0.1327492633604375,0.7082406221903754,calculate_nearest,euclidean
GMM_Default_3,1.6079749767395135,0.4,0.12709011270052023,0.7182265481700009,calculate_nearest,cosine
GMM_Default_3,0.494818885032419,0.3,0.13048871010040747,0.6989155247308712,calculate_nearest,manhattan
GMM_Default_3,0.46944693931668197,0.4,0.1327492633604375,0.7082406221903754,calculate_farthest,euclidean
GMM_Default_3,1.6079749767395135,0.4,0.12709011270052023,0.7182265481700009,calculate_farthest,cosine
GMM_Default_3,0.494818885032419,0.3,0.13048871010040747,0.6989155247308712,calculate_farthest,manhattan
KMeans_PCA_3,0.017357683523202848,0.4,0.1498566247358358,0.4753977559458294,calculate_mean,euclidean
KMeans_PCA_3,0.025152062594679222,0.3,0.14961371200890586,0.48479079159995214,calculate_mean,cosine
KMeans_PCA_3,0.017357683523202844,0.4,0.1502374887741976,0.564940618877357,calculate_mean,manhattan
KMeans_PCA_3,0.017357683523202848,0.4,0.1498566247358358,0.4753977559458294,calculate_nearest,euclidean
KMeans_PCA_3,0.025152062594679222,0.3,0.14961371200890586,0.48479079159995214,calculate_nearest,cosine
KMeans_PCA_3,0.017357683523202844,0.4,0.1502374887741976,0.564940618877357,calculate_nearest,manhattan
KMeans_PCA_3,0.01969062247152309,0.0,0.15045694897474818,0.5548828711391693,calculate_farthest,euclidean
KMeans_PCA_3,0.8026390939481788,0.3,0.11377223950393112,0.4818002532360311,calculate_farthest,cosine
KMeans_PCA_3,0.019690622471523086,0.0,0.15044238862603143,0.5531321745033627,calculate_farthest,manhattan
GMM_PCA_2,0.02039491825358504,0.2,0.14973462807721302,0.47526955245164854,calculate_mean,euclidean
GMM_PCA_2,0.8026390939481788,0.3,0.11377223950393112,0.4818002532360311,calculate_mean,cosine
GMM_PCA_2,0.0207700552859252,0.1,0.15019888106273013,0.5301005311765113,calculate_mean,manhattan
GMM_PCA_2,0.02039491825358504,0.2,0.14973462807721302,0.47526955245164854,calculate_nearest,euclidean
GMM_PCA_2,0.8026390939481788,0.3,0.11377223950393112,0.4818002532360311,calculate_nearest,cosine
GMM_PCA_2,0.0207700552859252,0.1,0.15019888106273013,0.5301005311765113,calculate_nearest,manhattan
GMM_PCA_2,0.02039491825358504,0.2,0.14973462807721302,0.47526955245164854,calculate_farthest,euclidean
GMM_PCA_2,0.8026390939481788,0.3,0.11377223950393112,0.4818002532360311,calculate_farthest,cosine
GMM_PCA_2,0.0207700552859252,0.1,0.15019888106273013,0.5301005311765113,calculate_farthest,manhattan
GMM_ICA_3,0.006416595208618813,0.0,0.952845333684135,0.5512872427155295,calculate_mean,euclidean
GMM_ICA_3,0.010284421231398676,0.3,0.9424473920019127,0.5539177057227023,calculate_mean,cosine
GMM_ICA_3,0.006450824158948663,0.2,0.9498357670658656,0.5104686542915522,calculate_mean,manhattan
GMM_ICA_3,0.006416595208618813,0.0,0.952845333684135,0.5512872427155295,calculate_nearest,euclidean
GMM_ICA_3,0.010284421231398676,0.3,0.9424473920019127,0.5539177057227023,calculate_nearest,cosine
GMM_ICA_3,0.006450824158948663,0.2,0.9498357670658656,0.5104686542915522,calculate_nearest,manhattan
GMM_ICA_3,0.008561185349795277,0.0,0.9478421332791485,0.5006175481664261,calculate_farthest,euclidean
GMM_ICA_3,0.01253537409774917,0.1,0.9361536211734879,0.5455268733044075,calculate_farthest,cosine
GMM_ICA_3,0.009093535054815166,0.0,0.9471024432557908,0.49474237376559416,calculate_farthest,manhattan
GMM_ICA_9,0.005979218243846214,0.2,0.9508840173513905,0.5223079459909588,calculate_mean,euclidean
GMM_ICA_9,0.01205383991901294,0.2,0.9342930572774227,0.5133205870968075,calculate_mean,cosine
GMM_ICA_9,0.0067017679220638835,0.2,0.9485856898380852,0.4940942825484197,calculate_mean,manhattan
GMM_ICA_9,0.005979218243846214,0.2,0.9508840173513905,0.5223079459909588,calculate_nearest,euclidean
GMM_ICA_9,0.01205383991901294,0.2,0.9342930572774227,0.5133205870968075,calculate_nearest,cosine
GMM_ICA_9,0.0067017679220638835,0.2,0.9485856898380852,0.4940942825484197,calculate_nearest,manhattan
GMM_ICA_9,0.005979218243846214,0.2,0.9508840173513905,0.5223079459909588,calculate_farthest,euclidean
GMM_ICA_9,0.01205383991901294,0.2,0.9342930572774227,0.5133205870968075,calculate_farthest,cosine
GMM_ICA_9,0.0067017679220638835,0.2,0.9485856898380852,0.4940942825484197,calculate_farthest,manhattan
KMeans_ICA_5,0.006416595208618813,0.0,0.952845333684135,0.5512872427155295,calculate_mean,euclidean
KMeans_ICA_5,0.01205383991901294,0.2,0.9342930572774227,0.5133205870968075,calculate_mean,cosine
KMeans_ICA_5,0.006450824158948663,0.2,0.9498357670658656,0.5104686542915522,calculate_mean,manhattan
KMeans_ICA_5,0.006416595208618813,0.0,0.952845333684135,0.5512872427155295,calculate_nearest,euclidean
KMeans_ICA_5,0.01205383991901294,0.2,0.9342930572774227,0.5133205870968075,calculate_nearest,cosine
KMeans_ICA_5,0.006450824158948663,0.2,0.9498357670658656,0.5104686542915522,calculate_nearest,manhattan
KMeans_ICA_5,0.010920723161772552,0.0,0.9473466436383448,0.5184449559554686,calculate_farthest,euclidean
KMeans_ICA_5,0.01693048173217839,0.2,0.9316943478660742,0.5391791624521205,calculate_farthest,cosine
KMeans_ICA_5,0.01151848411506264,0.0,0.9425223428707847,0.47971146875079906,calculate_farthest,manhattan
KMeans_Default_2,0.5629439545348841,0.2,0.12094322395444765,0.6558615073147394,calculate_mean,euclidean
KMeans_Default_2,0.6197846165828836,0.0,0.11901434457356504,0.6610110436563926,calculate_mean,cosine
KMeans_Default_2,0.7714373055761926,0.4,0.11724705202436823,0.6337420142348414,calculate_mean,manhattan
KMeans_Default_2,0.5629439545348841,0.2,0.12094322395444765,0.6558615073147394,calculate_nearest,euclidean
KMeans_Default_2,0.6197846165828836,0.0,0.11901434457356504,0.6610110436563926,calculate_nearest,cosine
KMeans_Default_2,0.7714373055761926,0.4,0.11724705202436823,0.6337420142348414,calculate_nearest,manhattan
KMeans_Default_2,0.5629439545348841,0.2,0.12094322395444765,0.6558615073147394,calculate_farthest,euclidean
KMeans_Default_2,0.6197846165828836,0.0,0.11901434457356504,0.6610110436563926,calculate_farthest,cosine
KMeans_Default_2,0.7714373055761926,0.4,0.11724705202436823,0.6337420142348414,calculate_farthest,manhattan
GMM_Default_3,0.5768972758127614,0.1,0.1165776429600589,0.6327009736488185,calculate_mean,euclidean
GMM_Default_3,0.6675950964855164,0.2,0.11554265960382133,0.645335972086089,calculate_mean,cosine
GMM_Default_3,0.8442877776444695,0.3,0.11756875782690882,0.6371851215549035,calculate_mean,manhattan
GMM_Default_3,0.5768972758127614,0.1,0.1165776429600589,0.6327009736488185,calculate_nearest,euclidean
GMM_Default_3,0.6675950964855164,0.2,0.11554265960382133,0.645335972086089,calculate_nearest,cosine
GMM_Default_3,0.8442877776444695,0.3,0.11756875782690882,0.6371851215549035,calculate_nearest,manhattan
GMM_Default_3,0.5768972758127614,0.1,0.1165776429600589,0.6327009736488185,calculate_farthest,euclidean
GMM_Default_3,0.6675950964855164,0.2,0.11554265960382133,0.645335972086089,calculate_farthest,cosine
GMM_Default_3,0.8442877776444695,0.3,0.11756875782690882,0.6371851215549035,calculate_farthest,manhattan
KMeans_PCA_3,0.02209653591659242,0.4,0.14131762522085786,0.5701373771151894,calculate_mean,euclidean
KMeans_PCA_3,0.3388553424135304,0.2,0.13526079439180808,0.5707707419600814,calculate_mean,cosine
KMeans_PCA_3,0.021037689440613388,0.4,0.14125312306669313,0.5694615830279044,calculate_mean,manhattan
KMeans_PCA_3,0.02209653591659242,0.4,0.14131762522085786,0.5701373771151894,calculate_nearest,euclidean
KMeans_PCA_3,0.3388553424135304,0.2,0.13526079439180808,0.5707707419600814,calculate_nearest,cosine
KMeans_PCA_3,0.021037689440613388,0.4,0.14125312306669313,0.5694615830279044,calculate_nearest,manhattan
KMeans_PCA_3,0.0655201651711176,0.2,0.138323210522818,0.5317514246769065,calculate_farthest,euclidean
KMeans_PCA_3,0.07850879925948533,0.3,0.1374101994915289,0.5416481298864225,calculate_farthest,cosine
KMeans_PCA_3,0.2134044610600823,0.1,0.13980056084930326,0.5530923185322023,calculate_farthest,manhattan
GMM_PCA_2,0.02209653591659242,0.4,0.14131762522085786,0.5701373771151894,calculate_mean,euclidean
GMM_PCA_2,0.26333701948342036,0.2,0.13607407683886263,0.5702076988930402,calculate_mean,cosine
GMM_PCA_2,0.021037689440613388,0.4,0.14125312306669313,0.5694615830279044,calculate_mean,manhattan
GMM_PCA_2,0.02209653591659242,0.4,0.14131762522085786,0.5701373771151894,calculate_nearest,euclidean
GMM_PCA_2,0.26333701948342036,0.2,0.13607407683886263,0.5702076988930402,calculate_nearest,cosine
GMM_PCA_2,0.021037689440613388,0.4,0.14125312306669313,0.5694615830279044,calculate_nearest,manhattan
GMM_PCA_2,0.02209653591659242,0.4,0.14131762522085786,0.5701373771151894,calculate_farthest,euclidean
GMM_PCA_2,0.26333701948342036,0.2,0.13607407683886263,0.5702076988930402,calculate_farthest,cosine
GMM_PCA_2,0.021037689440613388,0.4,0.14125312306669313,0.5694615830279044,calculate_farthest,manhattan
GMM_ICA_3,0.005147307524294221,0.5,0.9525523039566678,0.5639104679157129,calculate_mean,euclidean
GMM_ICA_3,0.008463794776614375,0.2,0.9470810244523796,0.5711413899276733,calculate_mean,cosine
GMM_ICA_3,0.005995362325691172,0.5,0.9537150114327071,0.584048725875201,calculate_mean,manhattan
GMM_ICA_3,0.005147307524294221,0.5,0.9525523039566678,0.5639104679157129,calculate_nearest,euclidean
GMM_ICA_3,0.008463794776614375,0.2,0.9470810244523796,0.5711413899276733,calculate_nearest,cosine
GMM_ICA_3,0.005995362325691172,0.5,0.9537150114327071,0.584048725875201,calculate_nearest,manhattan
GMM_ICA_3,0.009117478147908089,0.5,0.9519203130884614,0.5682045632271905,calculate_farthest,euclidean
GMM_ICA_3,0.013157837320214897,0.5,0.94478347515419,0.5710738088566872,calculate_farthest,cosine
GMM_ICA_3,0.009962630360546431,0.4,0.9517082373215349,0.5730106583857384,calculate_farthest,manhattan
GMM_ICA_9,0.005147307524294221,0.5,0.9525523039566678,0.5639104679157129,calculate_mean,euclidean
GMM_ICA_9,0.008463794776614375,0.2,0.9470810244523796,0.5711413899276733,calculate_mean,cosine
GMM_ICA_9,0.005995362325691172,0.5,0.9537150114327071,0.584048725875201,calculate_mean,manhattan
GMM_ICA_9,0.005147307524294221,0.5,0.9525523039566678,0.5639104679157129,calculate_nearest,euclidean
GMM_ICA_9,0.008463794776614375,0.2,0.9470810244523796,0.5711413899276733,calculate_nearest,cosine
GMM_ICA_9,0.005995362325691172,0.5,0.9537150114327071,0.584048725875201,calculate_nearest,manhattan
GMM_ICA_9,0.005147307524294221,0.5,0.9525523039566678,0.5639104679157129,calculate_farthest,euclidean
GMM_ICA_9,0.008463794776614375,0.2,0.9470810244523796,0.5711413899276733,calculate_farthest,cosine
GMM_ICA_9,0.005995362325691172,0.5,0.9537150114327071,0.584048725875201,calculate_farthest,manhattan
KMeans_ICA_5,0.005147307524294221,0.5,0.9525523039566678,0.5639104679157129,calculate_mean,euclidean
KMeans_ICA_5,0.008463794776614375,0.2,0.9470810244523796,0.5711413899276733,calculate_mean,cosine
KMeans_ICA_5,0.005995362325691172,0.5,0.9537150114327071,0.584048725875201,calculate_mean,manhattan
KMeans_ICA_5,0.005147307524294221,0.5,0.9525523039566678,0.5639104679157129,calculate_nearest,euclidean
KMeans_ICA_5,0.008463794776614375,0.2,0.9470810244523796,0.5711413899276733,calculate_nearest,cosine
KMeans_ICA_5,0.005995362325691172,0.5,0.9537150114327071,0.584048725875201,calculate_nearest,manhattan
KMeans_ICA_5,0.010339119023295743,0.0,0.9490823650520972,0.5552074769094074,calculate_farthest,euclidean
KMeans_ICA_5,0.011336618393649125,0.1,0.9455467233455971,0.6113374906347461,calculate_farthest,cosine
KMeans_ICA_5,0.010015442938643307,0.0,0.9466819166714453,0.5448051992031363,calculate_farthest,manhattan
KMeans_Default_2,1.3597873456171223,0.5,0.1164988336544364,0.6473601759823805,calculate_mean,euclidean
KMeans_Default_2,0.7212223874880468,0.1,0.11240832240464195,0.6602483555007173,calculate_mean,cosine
KMeans_Default_2,1.4110072633317368,0.5,0.11116974853340317,0.6187819156383081,calculate_mean,manhattan
KMeans_Default_2,1.3597873456171223,0.5,0.1164988336544364,0.6473601759823805,calculate_nearest,euclidean
KMeans_Default_2,0.7212223874880468,0.1,0.11240832240464195,0.6602483555007173,calculate_nearest,cosine
KMeans_Default_2,1.4110072633317368,0.5,0.11116974853340317,0.6187819156383081,calculate_nearest,manhattan
KMeans_Default_2,1.3597873456171223,0.5,0.1164988336544364,0.6473601759823805,calculate_farthest,euclidean
KMeans_Default_2,0.7212223874880468,0.1,0.11240832240464195,0.6602483555007173,calculate_farthest,cosine
KMeans_Default_2,1.4110072633317368,0.5,0.11116974853340317,0.6187819156383081,calculate_farthest,manhattan
GMM_Default_3,0.8611817222017949,0.3,0.1238011792178804,0.6813811731169883,calculate_mean,euclidean
GMM_Default_3,0.6721134643168811,0.2,0.11103835802793639,0.6519580665210255,calculate_mean,cosine
GMM_Default_3,1.3053951205100514,0.6,0.11894199051759956,0.6643894241028458,calculate_mean,manhattan
GMM_Default_3,0.8611817222017949,0.3,0.1238011792178804,0.6813811731169883,calculate_nearest,euclidean
GMM_Default_3,0.6721134643168811,0.2,0.11103835802793639,0.6519580665210255,calculate_nearest,cosine
GMM_Default_3,1.3053951205100514,0.6,0.11894199051759956,0.6643894241028458,calculate_nearest,manhattan
GMM_Default_3,0.8611817222017949,0.3,0.1238011792178804,0.6813811731169883,calculate_farthest,euclidean
GMM_Default_3,0.6721134643168811,0.2,0.11103835802793639,0.6519580665210255,calculate_farthest,cosine
GMM_Default_3,1.3053951205100514,0.6,0.11894199051759956,0.6643894241028458,calculate_farthest,manhattan
KMeans_PCA_3,0.031114353814212,0.5,0.17295248637709512,0.6558688685157484,calculate_mean,euclidean
KMeans_PCA_3,0.18000510029463107,0.4,0.17186145131176492,0.6559633114591494,calculate_mean,cosine
KMeans_PCA_3,0.02431519293108512,0.5,0.1730587831457311,0.6564680702983118,calculate_mean,manhattan
KMeans_PCA_3,0.045532154148677756,0.2,0.17339416693386375,0.6590500696752737,calculate_nearest,euclidean
KMeans_PCA_3,0.14450882289289385,0.1,0.16371913701448984,0.660877563446263,calculate_nearest,cosine
KMeans_PCA_3,0.04958681455302857,0.2,0.1737109742983635,0.6606621929000165,calculate_nearest,manhattan
KMeans_PCA_3,0.031114353814212,0.5,0.17295248637709512,0.6558688685157484,calculate_farthest,euclidean
KMeans_PCA_3,0.18000510029463107,0.4,0.17186145131176492,0.6559633114591494,calculate_farthest,cosine
KMeans_PCA_3,0.02431519293108512,0.5,0.1730587831457311,0.6564680702983118,calculate_farthest,manhattan
GMM_PCA_2,0.6222549780564856,0.4,0.1877756720297706,0.7196181613499195,calculate_mean,euclidean
GMM_PCA_2,0.25694326021530334,0.3,0.17734241509706306,0.6762432698740624,calculate_mean,cosine
GMM_PCA_2,0.6207366566429242,0.5,0.18053399534626688,0.689551314920494,calculate_mean,manhattan
GMM_PCA_2,0.6222549780564856,0.4,0.1877756720297706,0.7196181613499195,calculate_nearest,euclidean
GMM_PCA_2,0.25694326021530334,0.3,0.17734241509706306,0.6762432698740624,calculate_nearest,cosine
GMM_PCA_2,0.6207366566429242,0.5,0.18053399534626688,0.689551314920494,calculate_nearest,manhattan
GMM_PCA_2,0.6222549780564856,0.4,0.1877756720297706,0.7196181613499195,calculate_farthest,euclidean
GMM_PCA_2,0.25694326021530334,0.3,0.17734241509706306,0.6762432698740624,calculate_farthest,cosine
GMM_PCA_2,0.6207366566429242,0.5,0.18053399534626688,0.689551314920494,calculate_farthest,manhattan
GMM_ICA_3,0.008487094567090974,0.3,0.9522338220664608,0.5738032165969579,calculate_mean,euclidean
GMM_ICA_3,0.007943577044813514,0.1,0.9447553342409531,0.5994431822558369,calculate_mean,cosine
GMM_ICA_3,0.008752383259128256,0.2,0.9508703543180843,0.5544856223850991,calculate_mean,manhattan
GMM_ICA_3,0.005980056798914276,0.0,0.9503149032006444,0.5381752520517052,calculate_nearest,euclidean
GMM_ICA_3,0.009321623839345934,0.0,0.945968098717738,0.5498624839944474,calculate_nearest,cosine
GMM_ICA_3,0.006437134462549533,0.0,0.9514761056357605,0.5500765799644941,calculate_nearest,manhattan
GMM_ICA_3,0.008487094567090974,0.3,0.9522338220664608,0.5738032165969579,calculate_farthest,euclidean
GMM_ICA_3,0.007943577044813514,0.1,0.9447553342409531,0.5994431822558369,calculate_farthest,cosine
GMM_ICA_3,0.008752383259128256,0.2,0.9508703543180843,0.5544856223850991,calculate_farthest,manhattan
GMM_ICA_9,0.00721159581137143,0.2,0.9516656826933985,0.5518448952339188,calculate_mean,euclidean
GMM_ICA_9,0.011033701201357809,0.4,0.9501251104943342,0.5939057798881637,calculate_mean,cosine
GMM_ICA_9,0.007669438803937064,0.2,0.951039474294598,0.5481558243385611,calculate_mean,manhattan
GMM_ICA_9,0.00721159581137143,0.2,0.9516656826933985,0.5518448952339188,calculate_nearest,euclidean
GMM_ICA_9,0.011033701201357809,0.4,0.9501251104943342,0.5939057798881637,calculate_nearest,cosine
GMM_ICA_9,0.007669438803937064,0.2,0.951039474294598,0.5481558243385611,calculate_nearest,manhattan
GMM_ICA_9,0.00721159581137143,0.2,0.9516656826933985,0.5518448952339188,calculate_farthest,euclidean
GMM_ICA_9,0.011033701201357809,0.4,0.9501251104943342,0.5939057798881637,calculate_farthest,cosine
GMM_ICA_9,0.007669438803937064,0.2,0.951039474294598,0.5481558243385611,calculate_farthest,manhattan
KMeans_ICA_5,0.008461564489973521,0.4,0.9501534723124341,0.535066432833906,calculate_mean,euclidean
KMeans_ICA_5,0.012500189806560221,0.4,0.9491683237607379,0.5936359213976933,calculate_mean,cosine
KMeans_ICA_5,0.008307752467311063,0.2,0.9501111019552333,0.5357146179666956,calculate_mean,manhattan
KMeans_ICA_5,0.008461564489973521,0.4,0.9501534723124341,0.535066432833906,calculate_nearest,euclidean
KMeans_ICA_5,0.012500189806560221,0.4,0.9491683237607379,0.5936359213976933,calculate_nearest,cosine
KMeans_ICA_5,0.008307752467311063,0.2,0.9501111019552333,0.5357146179666956,calculate_nearest,manhattan
KMeans_ICA_5,0.00878436366215512,0.2,0.9490115206497519,0.5523329593624484,calculate_farthest,euclidean
KMeans_ICA_5,0.008249497484837552,0.1,0.9433946803537056,0.5841656260334349,calculate_farthest,cosine
KMeans_ICA_5,0.008678448652466635,0.1,0.9491664517563912,0.5585592344759192,calculate_farthest,manhattan
KMeans_Default_2,0.6477094896595744,0.3,0.1236543608617286,0.6917258180539657,calculate_mean,euclidean
KMeans_Default_2,0.7653544643548256,0.2,0.12278868111259512,0.6943088334917146,calculate_mean,cosine
KMeans_Default_2,0.6571471281038801,0.3,0.12198871930473222,0.6823687714743528,calculate_mean,manhattan
KMeans_Default_2,0.6477094896595744,0.3,0.1236543608617286,0.6917258180539657,calculate_nearest,euclidean
KMeans_Default_2,0.7653544643548256,0.2,0.12278868111259512,0.6943088334917146,calculate_nearest,cosine
KMeans_Default_2,0.6571471281038801,0.3,0.12198871930473222,0.6823687714743528,calculate_nearest,manhattan
KMeans_Default_2,0.6477094896595744,0.3,0.1236543608617286,0.6917258180539657,calculate_farthest,euclidean
KMeans_Default_2,0.7653544643548256,0.2,0.12278868111259512,0.6943088334917146,calculate_farthest,cosine
KMeans_Default_2,0.6571471281038801,0.3,0.12198871930473222,0.6823687714743528,calculate_farthest,manhattan
GMM_Default_3,0.7496138075061697,0.5,0.12771730325773217,0.7113798366944329,calculate_mean,euclidean
GMM_Default_3,0.8755327163191596,0.4,0.12514090126536723,0.71503984123964,calculate_mean,cosine
GMM_Default_3,0.788715682785653,0.4,0.12281137319251238,0.6876324686675535,calculate_mean,manhattan
GMM_Default_3,0.6057013717481833,0.0,0.12429312592680508,0.6944170824721453,calculate_nearest,euclidean
GMM_Default_3,0.7322426916304612,0.0,0.1210301732559998,0.685127646799364,calculate_nearest,cosine
GMM_Default_3,0.6334662967398447,0.0,0.11787265632423619,0.6620555970588085,calculate_nearest,manhattan
GMM_Default_3,0.6057013717481833,0.0,0.12429312592680508,0.6944170824721453,calculate_farthest,euclidean
GMM_Default_3,0.7322426916304612,0.0,0.1210301732559998,0.685127646799364,calculate_farthest,cosine
GMM_Default_3,0.6334662967398447,0.0,0.11787265632423619,0.6620555970588085,calculate_farthest,manhattan
KMeans_PCA_3,0.020045225490858624,0.4,0.15632061250148735,0.5281608573139642,calculate_mean,euclidean
KMeans_PCA_3,0.34145666495733024,0.4,0.140253544262081,0.5038844375476845,calculate_mean,cosine
KMeans_PCA_3,0.020045225490858624,0.4,0.1560143170851589,0.49767667269649973,calculate_mean,manhattan
KMeans_PCA_3,0.01540457921903423,0.0,0.1563749315877478,0.6047077614869998,calculate_nearest,euclidean
KMeans_PCA_3,0.05779540207881973,0.2,0.15494148379575268,0.457992701870148,calculate_nearest,cosine
KMeans_PCA_3,0.016578837167528046,0.0,0.1561757756520525,0.5275166200780845,calculate_nearest,manhattan
KMeans_PCA_3,0.020045225490858624,0.4,0.15632061250148735,0.5281608573139642,calculate_farthest,euclidean
KMeans_PCA_3,0.34145666495733024,0.4,0.140253544262081,0.5038844375476845,calculate_farthest,cosine
KMeans_PCA_3,0.020045225490858624,0.4,0.1560143170851589,0.49767667269649973,calculate_farthest,manhattan
GMM_PCA_2,0.016914453998319427,0.0,0.1564437243198247,0.6090238764397881,calculate_mean,euclidean
GMM_PCA_2,0.34145666495733024,0.4,0.140253544262081,0.5038844375476845,calculate_mean,cosine
GMM_PCA_2,0.016812324355892347,0.0,0.15598202212251597,0.4820567819525151,calculate_mean,manhattan
GMM_PCA_2,0.016914453998319427,0.0,0.1564437243198247,0.6090238764397881,calculate_nearest,euclidean
GMM_PCA_2,0.34145666495733024,0.4,0.140253544262081,0.5038844375476845,calculate_nearest,cosine
GMM_PCA_2,0.016812324355892347,0.0,0.15598202212251597,0.4820567819525151,calculate_nearest,manhattan
GMM_PCA_2,0.016914453998319427,0.0,0.1564437243198247,0.6090238764397881,calculate_farthest,euclidean
GMM_PCA_2,0.34145666495733024,0.4,0.140253544262081,0.5038844375476845,calculate_farthest,cosine
GMM_PCA_2,0.016812324355892347,0.0,0.15598202212251597,0.4820567819525151,calculate_farthest,manhattan
GMM_ICA_3,0.010017264618410397,0.2,0.944703469098935,0.4898668364874683,calculate_mean,euclidean
GMM_ICA_3,0.012207995779361252,0.1,0.9429701964243907,0.548906223098772,calculate_mean,cosine
GMM_ICA_3,0.011552632465684009,0.2,0.9497014957868891,0.5531840293204432,calculate_mean,manhattan
GMM_ICA_3,0.010017264618410397,0.2,0.944703469098935,0.4898668364874683,calculate_nearest,euclidean
GMM_ICA_3,0.012207995779361252,0.1,0.9429701964243907,0.548906223098772,calculate_nearest,cosine
GMM_ICA_3,0.011552632465684009,0.2,0.9497014957868891,0.5531840293204432,calculate_nearest,manhattan
GMM_ICA_3,0.008691182365981646,0.2,0.9503282759291205,0.5285757627149699,calculate_farthest,euclidean
GMM_ICA_3,0.012503733408069007,0.1,0.9370107111821471,0.5503603968571971,calculate_farthest,cosine
GMM_ICA_3,0.00883066793416331,0.2,0.9520699296458294,0.5621089011281404,calculate_farthest,manhattan
GMM_ICA_9,0.0067368056287016595,0.4,0.9535478404201856,0.5613218931203554,calculate_mean,euclidean
GMM_ICA_9,0.011938745182538076,0.1,0.943353806931268,0.5280937618960724,calculate_mean,cosine
GMM_ICA_9,0.011353001769459335,0.2,0.9455268817301471,0.505356069596246,calculate_mean,manhattan
GMM_ICA_9,0.0067368056287016595,0.4,0.9535478404201856,0.5613218931203554,calculate_nearest,euclidean
GMM_ICA_9,0.011938745182538076,0.1,0.943353806931268,0.5280937618960724,calculate_nearest,cosine
GMM_ICA_9,0.011353001769459335,0.2,0.9455268817301471,0.505356069596246,calculate_nearest,manhattan
GMM_ICA_9,0.0067368056287016595,0.4,0.9535478404201856,0.5613218931203554,calculate_farthest,euclidean
GMM_ICA_9,0.011938745182538076,0.1,0.943353806931268,0.5280937618960724,calculate_farthest,cosine
GMM_ICA_9,0.011353001769459335,0.2,0.9455268817301471,0.505356069596246,calculate_farthest,manhattan
KMeans_ICA_5,0.010178788607549335,0.3,0.944215492592696,0.4837100360797469,calculate_mean,euclidean
KMeans_ICA_5,0.011434334005142856,0.2,0.9460948329385228,0.5367665699882775,calculate_mean,cosine
KMeans_ICA_5,0.011353001769459335,0.2,0.9455268817301471,0.505356069596246,calculate_mean,manhattan
KMeans_ICA_5,0.010178788607549335,0.3,0.944215492592696,0.4837100360797469,calculate_nearest,euclidean
KMeans_ICA_5,0.011434334005142856,0.2,0.9460948329385228,0.5367665699882775,calculate_nearest,cosine
KMeans_ICA_5,0.011353001769459335,0.2,0.9455268817301471,0.505356069596246,calculate_nearest,manhattan
KMeans_ICA_5,0.009560803112776592,0.2,0.9491636261340239,0.5422396814852953,calculate_farthest,euclidean
KMeans_ICA_5,0.010378438235109177,0.2,0.9397897863642922,0.5481147345663644,calculate_farthest,cosine
KMeans_ICA_5,0.010934633594442,0.3,0.9466513508156947,0.5174550468108123,calculate_farthest,manhattan
KMeans_Default_2,0.8027516281105589,0.3,0.12633526054766786,0.6662242087838806,calculate_mean,euclidean
KMeans_Default_2,0.8720626743859289,0.3,0.12238828736171752,0.6502453839365872,calculate_mean,cosine
KMeans_Default_2,0.8201156393437472,0.3,0.1256827149615706,0.6637061417368295,calculate_mean,manhattan
KMeans_Default_2,0.8027516281105589,0.3,0.12633526054766786,0.6662242087838806,calculate_nearest,euclidean
KMeans_Default_2,0.8720626743859289,0.3,0.12238828736171752,0.6502453839365872,calculate_nearest,cosine
KMeans_Default_2,0.8201156393437472,0.3,0.1256827149615706,0.6637061417368295,calculate_nearest,manhattan
KMeans_Default_2,0.8027516281105589,0.3,0.12633526054766786,0.6662242087838806,calculate_farthest,euclidean
KMeans_Default_2,0.8720626743859289,0.3,0.12238828736171752,0.6502453839365872,calculate_farthest,cosine
KMeans_Default_2,0.8201156393437472,0.3,0.1256827149615706,0.6637061417368295,calculate_farthest,manhattan
GMM_Default_3,0.7814502334165476,0.2,0.12417933916157568,0.654338229590606,calculate_mean,euclidean
GMM_Default_3,0.8328095267673834,0.5,0.12576801603443177,0.6658038418359314,calculate_mean,cosine
GMM_Default_3,0.9871057989002056,0.3,0.12167238799025192,0.6447416363840393,calculate_mean,manhattan
GMM_Default_3,0.7814502334165476,0.2,0.12417933916157568,0.654338229590606,calculate_nearest,euclidean
GMM_Default_3,0.8328095267673834,0.5,0.12576801603443177,0.6658038418359314,calculate_nearest,cosine
GMM_Default_3,0.9871057989002056,0.3,0.12167238799025192,0.6447416363840393,calculate_nearest,manhattan
GMM_Default_3,0.7814502334165476,0.2,0.12417933916157568,0.654338229590606,calculate_farthest,euclidean
GMM_Default_3,0.8328095267673834,0.5,0.12576801603443177,0.6658038418359314,calculate_farthest,cosine
GMM_Default_3,0.9871057989002056,0.3,0.12167238799025192,0.6447416363840393,calculate_farthest,manhattan
KMeans_PCA_3,0.2865907451394162,0.3,0.1811816396252926,0.5488571848579976,calculate_mean,euclidean
KMeans_PCA_3,0.7798170062125948,0.3,0.1260769824549896,0.4916232988220665,calculate_mean,cosine
KMeans_PCA_3,0.2877275228307121,0.2,0.18099530940660685,0.5480605587001005,calculate_mean,manhattan
KMeans_PCA_3,0.053743799365045045,0.6,0.18383285163675672,0.5340426095834521,calculate_nearest,euclidean
KMeans_PCA_3,0.0354769567461107,0.2,0.18255673083537552,0.49731885523364666,calculate_nearest,cosine
KMeans_PCA_3,0.3531484589635538,0.4,0.17339158742071106,0.4890341737587037,calculate_nearest,manhattan
KMeans_PCA_3,0.2865907451394162,0.3,0.1811816396252926,0.5488571848579976,calculate_farthest,euclidean
KMeans_PCA_3,0.7798170062125948,0.3,0.1260769824549896,0.4916232988220665,calculate_farthest,cosine
KMeans_PCA_3,0.2877275228307121,0.2,0.18099530940660685,0.5480605587001005,calculate_farthest,manhattan
GMM_PCA_2,0.2865907451394162,0.3,0.1811816396252926,0.5488571848579976,calculate_mean,euclidean
GMM_PCA_2,0.7798170062125948,0.3,0.1260769824549896,0.4916232988220665,calculate_mean,cosine
GMM_PCA_2,0.2877275228307121,0.2,0.18099530940660685,0.5480605587001005,calculate_mean,manhattan
GMM_PCA_2,0.2865907451394162,0.3,0.1811816396252926,0.5488571848579976,calculate_nearest,euclidean
GMM_PCA_2,0.7798170062125948,0.3,0.1260769824549896,0.4916232988220665,calculate_nearest,cosine
GMM_PCA_2,0.2877275228307121,0.2,0.18099530940660685,0.5480605587001005,calculate_nearest,manhattan
GMM_PCA_2,0.2865907451394162,0.3,0.1811816396252926,0.5488571848579976,calculate_farthest,euclidean
GMM_PCA_2,0.7798170062125948,0.3,0.1260769824549896,0.4916232988220665,calculate_farthest,cosine
GMM_PCA_2,0.2877275228307121,0.2,0.18099530940660685,0.5480605587001005,calculate_farthest,manhattan
GMM_ICA_3,0.010536561796053064,0.3,0.9466607667731067,0.5497254258269642,calculate_mean,euclidean
GMM_ICA_3,0.016931139979030656,0.5,0.9299672435413796,0.6049193623608586,calculate_mean,cosine
GMM_ICA_3,0.01305526644239892,0.2,0.9437371072758364,0.5397795711316294,calculate_mean,manhattan
GMM_ICA_3,0.010776192871104404,0.0,0.9460354359011426,0.5407063702004624,calculate_nearest,euclidean
GMM_ICA_3,0.017604758187223814,0.2,0.9346283021099804,0.5808535580075728,calculate_nearest,cosine
GMM_ICA_3,0.011293148671008614,0.3,0.9447860488163596,0.5262261050134226,calculate_nearest,manhattan
GMM_ICA_3,0.010536561796053064,0.3,0.9466607667731067,0.5497254258269642,calculate_farthest,euclidean
GMM_ICA_3,0.016931139979030656,0.5,0.9299672435413796,0.6049193623608586,calculate_farthest,cosine
GMM_ICA_3,0.01305526644239892,0.2,0.9437371072758364,0.5397795711316294,calculate_farthest,manhattan
GMM_ICA_9,0.014905726865024314,0.5,0.9406510720695175,0.5464131571985184,calculate_mean,euclidean
GMM_ICA_9,0.01738742980696741,0.3,0.9288631247147466,0.6003109986873038,calculate_mean,cosine
GMM_ICA_9,0.013990778066670605,0.4,0.9404557152166304,0.5502689647607775,calculate_mean,manhattan
GMM_ICA_9,0.008652046346549926,0.0,0.94345054614515,0.5035846463224548,calculate_nearest,euclidean
GMM_ICA_9,0.011978830134863847,0.2,0.9409868746101864,0.5461690902165987,calculate_nearest,cosine
GMM_ICA_9,0.009148833261061378,0.0,0.9451958754540537,0.5211548808926256,calculate_nearest,manhattan
GMM_ICA_9,0.008652046346549926,0.0,0.94345054614515,0.5035846463224548,calculate_farthest,euclidean
GMM_ICA_9,0.011978830134863847,0.2,0.9409868746101864,0.5461690902165987,calculate_farthest,cosine
GMM_ICA_9,0.009148833261061378,0.0,0.9451958754540537,0.5211548808926256,calculate_farthest,manhattan
KMeans_ICA_5,0.010776192871104404,0.0,0.9460354359011426,0.5407063702004624,calculate_mean,euclidean
KMeans_ICA_5,0.01591869999006786,0.2,0.9441666391482051,0.5932056067053304,calculate_mean,cosine
KMeans_ICA_5,0.011293148671008614,0.3,0.9447860488163596,0.5262261050134226,calculate_mean,manhattan
KMeans_ICA_5,0.010776192871104404,0.0,0.9460354359011426,0.5407063702004624,calculate_nearest,euclidean
KMeans_ICA_5,0.01591869999006786,0.2,0.9441666391482051,0.5932056067053304,calculate_nearest,cosine
KMeans_ICA_5,0.011293148671008614,0.3,0.9447860488163596,0.5262261050134226,calculate_nearest,manhattan
KMeans_ICA_5,0.012028166429436465,0.5,0.9459143278889613,0.5622959071635218,calculate_farthest,euclidean
KMeans_ICA_5,0.015899583691368957,0.7,0.9376468786886005,0.5979606026676186,calculate_farthest,cosine
KMeans_ICA_5,0.011447630265890785,0.5,0.9453215310824502,0.5569334238251878,calculate_farthest,manhattan
KMeans_Default_2,0.6601969579189145,0.4,0.13030723877180478,0.6731657634356472,calculate_mean,euclidean
KMeans_Default_2,0.9201342445325439,0.3,0.1303468127309649,0.6805970314869283,calculate_mean,cosine
KMeans_Default_2,0.7499409663875363,0.2,0.12949359375646288,0.6680191249546064,calculate_mean,manhattan
KMeans_Default_2,0.6601969579189145,0.4,0.13030723877180478,0.6731657634356472,calculate_nearest,euclidean
KMeans_Default_2,0.9201342445325439,0.3,0.1303468127309649,0.6805970314869283,calculate_nearest,cosine
KMeans_Default_2,0.7499409663875363,0.2,0.12949359375646288,0.6680191249546064,calculate_nearest,manhattan
KMeans_Default_2,0.6601969579189145,0.4,0.13030723877180478,0.6731657634356472,calculate_farthest,euclidean
KMeans_Default_2,0.9201342445325439,0.3,0.1303468127309649,0.6805970314869283,calculate_farthest,cosine
KMeans_Default_2,0.7499409663875363,0.2,0.12949359375646288,0.6680191249546064,calculate_farthest,manhattan
GMM_Default_3,0.8193209673375389,0.3,0.1320577137549642,0.6821308463458711,calculate_mean,euclidean
GMM_Default_3,1.0293616998963981,0.2,0.12246120979556259,0.6600256753918162,calculate_mean,cosine
GMM_Default_3,1.4619037787013294,0.1,0.11930389197695739,0.62650082569802,calculate_mean,manhattan
GMM_Default_3,0.5144503162425013,0.2,0.13719416633599096,0.7022754421464983,calculate_nearest,euclidean
GMM_Default_3,0.9410760157267377,0.3,0.12665243004880494,0.6684557486798709,calculate_nearest,cosine
GMM_Default_3,0.5634151668279519,0.2,0.14384471768801063,0.7279161176864659,calculate_nearest,manhattan
GMM_Default_3,0.5144503162425013,0.2,0.13719416633599096,0.7022754421464983,calculate_farthest,euclidean
GMM_Default_3,0.9410760157267377,0.3,0.12665243004880494,0.6684557486798709,calculate_farthest,cosine
GMM_Default_3,0.5634151668279519,0.2,0.14384471768801063,0.7279161176864659,calculate_farthest,manhattan
KMeans_PCA_3,0.025217719688463376,0.3,0.1784359294791663,0.5790979974718201,calculate_mean,euclidean
KMeans_PCA_3,0.4091410701024404,0.3,0.18226690918059088,0.6062561927026148,calculate_mean,cosine
KMeans_PCA_3,0.021801891991545776,0.3,0.17842618708331598,0.5790193203045804,calculate_mean,manhattan
KMeans_PCA_3,0.025217719688463376,0.3,0.1784359294791663,0.5790979974718201,calculate_nearest,euclidean
KMeans_PCA_3,0.4091410701024404,0.3,0.18226690918059088,0.6062561927026148,calculate_nearest,cosine
KMeans_PCA_3,0.021801891991545776,0.3,0.17842618708331598,0.5790193203045804,calculate_nearest,manhattan
KMeans_PCA_3,0.020775077602883964,0.3,0.17841513795469424,0.5788824907813828,calculate_farthest,euclidean
KMeans_PCA_3,0.9923864011288638,0.2,0.13977840509343795,0.5269435906546998,calculate_farthest,cosine
KMeans_PCA_3,0.020775077602883964,0.3,0.17813787274669915,0.5767227084860462,calculate_farthest,manhattan
GMM_PCA_2,0.02094822522094073,0.3,0.17803028435345475,0.5758895170799322,calculate_mean,euclidean
GMM_PCA_2,1.1514145634941895,0.3,0.14642619371245946,0.5320958462762598,calculate_mean,cosine
GMM_PCA_2,0.024273447502100136,0.3,0.1786285151783182,0.5805701917023306,calculate_mean,manhattan
GMM_PCA_2,0.02094822522094073,0.3,0.17803028435345475,0.5758895170799322,calculate_nearest,euclidean
GMM_PCA_2,1.1514145634941895,0.3,0.14642619371245946,0.5320958462762598,calculate_nearest,cosine
GMM_PCA_2,0.024273447502100136,0.3,0.1786285151783182,0.5805701917023306,calculate_nearest,manhattan
GMM_PCA_2,0.02094822522094073,0.3,0.17803028435345475,0.5758895170799322,calculate_farthest,euclidean
GMM_PCA_2,1.1514145634941895,0.3,0.14642619371245946,0.5320958462762598,calculate_farthest,cosine
GMM_PCA_2,0.024273447502100136,0.3,0.1786285151783182,0.5805701917023306,calculate_farthest,manhattan
GMM_ICA_3,0.009653420800035718,0.4,0.951250754784474,0.5530981631056842,calculate_mean,euclidean
GMM_ICA_3,0.01301264339154712,0.3,0.9456071531827727,0.6025599321745192,calculate_mean,cosine
GMM_ICA_3,0.01158476154016162,0.3,0.9492345989971371,0.5459151368968713,calculate_mean,manhattan
GMM_ICA_3,0.009653420800035718,0.4,0.951250754784474,0.5530981631056842,calculate_nearest,euclidean
GMM_ICA_3,0.01301264339154712,0.3,0.9456071531827727,0.6025599321745192,calculate_nearest,cosine
GMM_ICA_3,0.01158476154016162,0.3,0.9492345989971371,0.5459151368968713,calculate_nearest,manhattan
GMM_ICA_3,0.009495068498244443,0.1,0.9487809978300233,0.5291107731360765,calculate_farthest,euclidean
GMM_ICA_3,0.015640028402765897,0.1,0.9432878501043663,0.540473367964253,calculate_farthest,cosine
GMM_ICA_3,0.008620127645367804,0.0,0.9516911371297835,0.5579821462226703,calculate_farthest,manhattan
GMM_ICA_9,0.009725886183396766,0.3,0.955472205595406,0.6110246872696324,calculate_mean,euclidean
GMM_ICA_9,0.008253865797128798,0.3,0.9488617174357656,0.5769911598285564,calculate_mean,cosine
GMM_ICA_9,0.013220312747239385,0.3,0.9452819294596876,0.5109979100987787,calculate_mean,manhattan
GMM_ICA_9,0.009725886183396766,0.3,0.955472205595406,0.6110246872696324,calculate_nearest,euclidean
GMM_ICA_9,0.008253865797128798,0.3,0.9488617174357656,0.5769911598285564,calculate_nearest,cosine
GMM_ICA_9,0.013220312747239385,0.3,0.9452819294596876,0.5109979100987787,calculate_nearest,manhattan
GMM_ICA_9,0.009725886183396766,0.3,0.955472205595406,0.6110246872696324,calculate_farthest,euclidean
GMM_ICA_9,0.008253865797128798,0.3,0.9488617174357656,0.5769911598285564,calculate_farthest,cosine
GMM_ICA_9,0.013220312747239385,0.3,0.9452819294596876,0.5109979100987787,calculate_farthest,manhattan
KMeans_ICA_5,0.009653420800035718,0.4,0.951250754784474,0.5530981631056842,calculate_mean,euclidean
KMeans_ICA_5,0.01301264339154712,0.3,0.9456071531827727,0.6025599321745192,calculate_mean,cosine
KMeans_ICA_5,0.01158476154016162,0.3,0.9492345989971371,0.5459151368968713,calculate_mean,manhattan
KMeans_ICA_5,0.009653420800035718,0.4,0.951250754784474,0.5530981631056842,calculate_nearest,euclidean
KMeans_ICA_5,0.01301264339154712,0.3,0.9456071531827727,0.6025599321745192,calculate_nearest,cosine
KMeans_ICA_5,0.01158476154016162,0.3,0.9492345989971371,0.5459151368968713,calculate_nearest,manhattan
KMeans_ICA_5,0.01082266690392301,0.2,0.9478206242991766,0.5320145071143378,calculate_farthest,euclidean
KMeans_ICA_5,0.011529158229045069,0.3,0.9399563077495096,0.5720894728470098,calculate_farthest,cosine
KMeans_ICA_5,0.011705115045531886,0.1,0.946623594738274,0.5381622639651392,calculate_farthest,manhattan
KMeans_Default_2,0.4830155174788335,0.5,0.1445734013579928,0.6935205842507778,calculate_mean,euclidean
KMeans_Default_2,0.9722674843758766,0.7,0.13965672316116137,0.6954856295397615,calculate_mean,cosine
KMeans_Default_2,0.5952538629174123,0.5,0.1441361431723634,0.6902280518645142,calculate_mean,manhattan
KMeans_Default_2,0.4830155174788335,0.5,0.1445734013579928,0.6935205842507778,calculate_nearest,euclidean
KMeans_Default_2,0.9722674843758766,0.7,0.13965672316116137,0.6954856295397615,calculate_nearest,cosine
KMeans_Default_2,0.5952538629174123,0.5,0.1441361431723634,0.6902280518645142,calculate_nearest,manhattan
KMeans_Default_2,0.4830155174788335,0.5,0.1445734013579928,0.6935205842507778,calculate_farthest,euclidean
KMeans_Default_2,0.9722674843758766,0.7,0.13965672316116137,0.6954856295397615,calculate_farthest,cosine
KMeans_Default_2,0.5952538629174123,0.5,0.1441361431723634,0.6902280518645142,calculate_farthest,manhattan
GMM_Default_3,0.48594651963526597,0.7,0.14447673242700096,0.692772142583387,calculate_mean,euclidean
GMM_Default_3,1.1628446590853176,0.6,0.13460734607892696,0.6821941958681779,calculate_mean,cosine
GMM_Default_3,0.5718225809100166,0.6,0.1437080136007073,0.6880848999034201,calculate_mean,manhattan
GMM_Default_3,0.48594651963526597,0.7,0.14447673242700096,0.692772142583387,calculate_nearest,euclidean
GMM_Default_3,1.1628446590853176,0.6,0.13460734607892696,0.6821941958681779,calculate_nearest,cosine
GMM_Default_3,0.5718225809100166,0.6,0.1437080136007073,0.6880848999034201,calculate_nearest,manhattan
GMM_Default_3,0.48594651963526597,0.7,0.14447673242700096,0.692772142583387,calculate_farthest,euclidean
GMM_Default_3,1.1628446590853176,0.6,0.13460734607892696,0.6821941958681779,calculate_farthest,cosine
GMM_Default_3,0.5718225809100166,0.6,0.1437080136007073,0.6880848999034201,calculate_farthest,manhattan
KMeans_PCA_3,0.18477416748444273,0.4,0.19925803087990146,0.636983373994442,calculate_mean,euclidean
KMeans_PCA_3,0.4039107461220117,0.3,0.1841578111383052,0.6197015006006222,calculate_mean,cosine
KMeans_PCA_3,0.1847741674844427,0.4,0.1823087876076869,0.5547381355571437,calculate_mean,manhattan
KMeans_PCA_3,0.18477416748444273,0.4,0.19925803087990146,0.636983373994442,calculate_nearest,euclidean
KMeans_PCA_3,0.4039107461220117,0.3,0.1841578111383052,0.6197015006006222,calculate_nearest,cosine
KMeans_PCA_3,0.1847741674844427,0.4,0.1823087876076869,0.5547381355571437,calculate_nearest,manhattan
KMeans_PCA_3,0.24593029062264518,0.2,0.1745486750335148,0.4696753391912248,calculate_farthest,euclidean
KMeans_PCA_3,0.2644739961033024,0.2,0.1231505986616383,0.5014270295908692,calculate_farthest,cosine
KMeans_PCA_3,0.2263734381057681,0.2,0.1848895278472403,0.5448004758926724,calculate_farthest,manhattan
GMM_PCA_2,0.18477416748444273,0.4,0.19925803087990146,0.636983373994442,calculate_mean,euclidean
GMM_PCA_2,0.4039107461220117,0.3,0.1841578111383052,0.6197015006006222,calculate_mean,cosine
GMM_PCA_2,0.1847741674844427,0.4,0.1823087876076869,0.5547381355571437,calculate_mean,manhattan
GMM_PCA_2,0.18477416748444273,0.4,0.19925803087990146,0.636983373994442,calculate_nearest,euclidean
GMM_PCA_2,0.4039107461220117,0.3,0.1841578111383052,0.6197015006006222,calculate_nearest,cosine
GMM_PCA_2,0.1847741674844427,0.4,0.1823087876076869,0.5547381355571437,calculate_nearest,manhattan
GMM_PCA_2,0.18477416748444273,0.4,0.19925803087990146,0.636983373994442,calculate_farthest,euclidean
GMM_PCA_2,0.4039107461220117,0.3,0.1841578111383052,0.6197015006006222,calculate_farthest,cosine
GMM_PCA_2,0.1847741674844427,0.4,0.1823087876076869,0.5547381355571437,calculate_farthest,manhattan
GMM_ICA_3,0.005731932581675591,0.1,0.9521064673125728,0.5384986269173958,calculate_mean,euclidean
GMM_ICA_3,0.008027809223757952,0.2,0.9450882312595,0.5537389786092105,calculate_mean,cosine
GMM_ICA_3,0.007780194643453942,0.2,0.9497311523357373,0.5095215554666769,calculate_mean,manhattan
GMM_ICA_3,0.005731932581675591,0.1,0.9521064673125728,0.5384986269173958,calculate_nearest,euclidean
GMM_ICA_3,0.008027809223757952,0.2,0.9450882312595,0.5537389786092105,calculate_nearest,cosine
GMM_ICA_3,0.007780194643453942,0.2,0.9497311523357373,0.5095215554666769,calculate_nearest,manhattan
GMM_ICA_3,0.008989069720831182,0.3,0.9514705069407281,0.5539849342930402,calculate_farthest,euclidean
GMM_ICA_3,0.013333081607643509,0.3,0.9387393247260791,0.5574177165251124,calculate_farthest,cosine
GMM_ICA_3,0.009666447887641306,0.2,0.9533950284290812,0.574064635573226,calculate_farthest,manhattan
GMM_ICA_9,0.0064144060111145165,0.3,0.9519585850500131,0.5369220050278681,calculate_mean,euclidean
GMM_ICA_9,0.009407321460192235,0.2,0.9450420753850439,0.548653940560048,calculate_mean,cosine
GMM_ICA_9,0.007780194643453942,0.2,0.9497311523357373,0.5095215554666769,calculate_mean,manhattan
GMM_ICA_9,0.0064144060111145165,0.3,0.9519585850500131,0.5369220050278681,calculate_nearest,euclidean
GMM_ICA_9,0.009407321460192235,0.2,0.9450420753850439,0.548653940560048,calculate_nearest,cosine
GMM_ICA_9,0.007780194643453942,0.2,0.9497311523357373,0.5095215554666769,calculate_nearest,manhattan
GMM_ICA_9,0.0064144060111145165,0.3,0.9519585850500131,0.5369220050278681,calculate_farthest,euclidean
GMM_ICA_9,0.009407321460192235,0.2,0.9450420753850439,0.548653940560048,calculate_farthest,cosine
GMM_ICA_9,0.007780194643453942,0.2,0.9497311523357373,0.5095215554666769,calculate_farthest,manhattan
KMeans_ICA_5,0.006978630262901584,0.2,0.9536478226140729,0.5616490933113836,calculate_mean,euclidean
KMeans_ICA_5,0.011065579419422282,0.3,0.9459444623506955,0.5422864340979925,calculate_mean,cosine
KMeans_ICA_5,0.008592204378224255,0.2,0.9529077322135872,0.5561166384551315,calculate_mean,manhattan
KMeans_ICA_5,0.006978630262901584,0.2,0.9536478226140729,0.5616490933113836,calculate_nearest,euclidean
KMeans_ICA_5,0.011065579419422282,0.3,0.9459444623506955,0.5422864340979925,calculate_nearest,cosine
KMeans_ICA_5,0.008592204378224255,0.2,0.9529077322135872,0.5561166384551315,calculate_nearest,manhattan
KMeans_ICA_5,0.010954426268725687,0.1,0.9502853231685522,0.5524355825199517,calculate_farthest,euclidean
KMeans_ICA_5,0.01426256443700244,0.2,0.9455255566514343,0.613812415862108,calculate_farthest,cosine
KMeans_ICA_5,0.012723733543768167,0.2,0.9497043703037022,0.5481043330974266,calculate_farthest,manhattan
KMeans_Default_2,0.6839412614881868,0.0,0.14332003707271518,0.6981393966188919,calculate_mean,euclidean
KMeans_Default_2,0.7903463396881638,0.1,0.1322030899446921,0.6903717517118628,calculate_mean,cosine
KMeans_Default_2,0.6706993509051379,0.0,0.13725532405900853,0.6759287033788285,calculate_mean,manhattan
KMeans_Default_2,0.6839412614881868,0.0,0.14332003707271518,0.6981393966188919,calculate_nearest,euclidean
KMeans_Default_2,0.7903463396881638,0.1,0.1322030899446921,0.6903717517118628,calculate_nearest,cosine
KMeans_Default_2,0.6706993509051379,0.0,0.13725532405900853,0.6759287033788285,calculate_nearest,manhattan
KMeans_Default_2,0.6839412614881868,0.0,0.14332003707271518,0.6981393966188919,calculate_farthest,euclidean
KMeans_Default_2,0.7903463396881638,0.1,0.1322030899446921,0.6903717517118628,calculate_farthest,cosine
KMeans_Default_2,0.6706993509051379,0.0,0.13725532405900853,0.6759287033788285,calculate_farthest,manhattan
GMM_Default_3,0.5758322271548901,0.2,0.14045131018896803,0.6853166233375015,calculate_mean,euclidean
GMM_Default_3,0.6227841608409992,0.2,0.13389511957726105,0.6823554446444069,calculate_mean,cosine
GMM_Default_3,0.6049538915411359,0.2,0.14364509668294356,0.6992747509380344,calculate_mean,manhattan
GMM_Default_3,0.5758322271548901,0.2,0.14045131018896803,0.6853166233375015,calculate_nearest,euclidean
GMM_Default_3,0.6227841608409992,0.2,0.13389511957726105,0.6823554446444069,calculate_nearest,cosine
GMM_Default_3,0.6049538915411359,0.2,0.14364509668294356,0.6992747509380344,calculate_nearest,manhattan
GMM_Default_3,0.5758322271548901,0.2,0.14045131018896803,0.6853166233375015,calculate_farthest,euclidean
GMM_Default_3,0.6227841608409992,0.2,0.13389511957726105,0.6823554446444069,calculate_farthest,cosine
GMM_Default_3,0.6049538915411359,0.2,0.14364509668294356,0.6992747509380344,calculate_farthest,manhattan
