name,diversity,genre_compate,euclidean_similarity,cosine_similarity,cluster_method_name,distance_method_name
KMeans_PCA_3,0.021328460226871442,0.2,0.1520671988449447,0.5367372257684283,calculate_mean,euclidean
KMeans_PCA_3,0.5462875335343182,0.1,0.13513700698958744,0.5194257644717634,calculate_mean,cosine
KMeans_PCA_3,0.02403537293498212,0.2,0.15213990824429602,0.537744053386694,calculate_mean,manhattan
KMeans_PCA_3,0.021328460226871442,0.2,0.1520671988449447,0.5367372257684283,calculate_nearest,euclidean
KMeans_PCA_3,0.5462875335343182,0.1,0.13513700698958744,0.5194257644717634,calculate_nearest,cosine
KMeans_PCA_3,0.02403537293498212,0.2,0.15213990824429602,0.537744053386694,calculate_nearest,manhattan
KMeans_PCA_3,0.23410804564962476,0.3,0.15451302135724135,0.567339844613614,calculate_farthest,euclidean
KMeans_PCA_3,0.2644739961033024,0.2,0.11571717976535584,0.5183359116130447,calculate_farthest,cosine
KMeans_PCA_3,0.2290758724802579,0.2,0.13879553474784515,0.41000560350973264,calculate_farthest,manhattan
GMM_PCA_2,0.021328460226871442,0.2,0.1520671988449447,0.5367372257684283,calculate_mean,euclidean
GMM_PCA_2,0.5462875335343182,0.1,0.13513700698958744,0.5194257644717634,calculate_mean,cosine
GMM_PCA_2,0.02403537293498212,0.2,0.15213990824429602,0.537744053386694,calculate_mean,manhattan
GMM_PCA_2,0.021328460226871442,0.2,0.1520671988449447,0.5367372257684283,calculate_nearest,euclidean
GMM_PCA_2,0.5462875335343182,0.1,0.13513700698958744,0.5194257644717634,calculate_nearest,cosine
GMM_PCA_2,0.02403537293498212,0.2,0.15213990824429602,0.537744053386694,calculate_nearest,manhattan
GMM_PCA_2,0.021328460226871442,0.2,0.1520671988449447,0.5367372257684283,calculate_farthest,euclidean
GMM_PCA_2,0.5462875335343182,0.1,0.13513700698958744,0.5194257644717634,calculate_farthest,cosine
GMM_PCA_2,0.02403537293498212,0.2,0.15213990824429602,0.537744053386694,calculate_farthest,manhattan
GMM_ICA_3,0.006423002255031247,0.3,0.9457149325291301,0.5306625889873045,calculate_mean,euclidean
GMM_ICA_3,0.009548523346167874,0.4,0.9377177735210873,0.5542017259448738,calculate_mean,cosine
GMM_ICA_3,0.00971437426802344,0.1,0.9459434872651422,0.5401782580267194,calculate_mean,manhattan
GMM_ICA_3,0.006287800753388227,0.3,0.9475738700715067,0.5264543066172106,calculate_nearest,euclidean
GMM_ICA_3,0.011210543504005245,0.2,0.9381992586002142,0.5492961362631464,calculate_nearest,cosine
GMM_ICA_3,0.0066455691181459735,0.2,0.9455082282134183,0.5016486715259943,calculate_nearest,manhattan
GMM_ICA_3,0.009069851926491582,0.0,0.9456078106173516,0.5198884206974005,calculate_farthest,euclidean
GMM_ICA_3,0.013966135582841795,0.3,0.9290465822131639,0.5138920871531197,calculate_farthest,cosine
GMM_ICA_3,0.011108992070258146,0.2,0.9438096639524232,0.517037187291764,calculate_farthest,manhattan
GMM_ICA_9,0.006423002255031247,0.3,0.9457149325291301,0.5306625889873045,calculate_mean,euclidean
GMM_ICA_9,0.007630090626794916,0.2,0.9446301009438931,0.5949520476664965,calculate_mean,cosine
GMM_ICA_9,0.009704979279585055,0.3,0.9431624321555924,0.5107136453395893,calculate_mean,manhattan
GMM_ICA_9,0.006322723214446848,0.2,0.9469269224160847,0.5156117562467097,calculate_nearest,euclidean
GMM_ICA_9,0.010523213994348966,0.2,0.938064939470127,0.5411075324685517,calculate_nearest,cosine
GMM_ICA_9,0.006838362958559967,0.3,0.9481970225541927,0.539308858746569,calculate_nearest,manhattan
GMM_ICA_9,0.006322723214446848,0.2,0.9469269224160847,0.5156117562467097,calculate_farthest,euclidean
GMM_ICA_9,0.010523213994348966,0.2,0.938064939470127,0.5411075324685517,calculate_farthest,cosine
GMM_ICA_9,0.006838362958559967,0.3,0.9481970225541927,0.539308858746569,calculate_farthest,manhattan
KMeans_ICA_5,0.006423002255031247,0.3,0.9457149325291301,0.5306625889873045,calculate_mean,euclidean
KMeans_ICA_5,0.008711642376404616,0.3,0.9363045263072225,0.5405085489450812,calculate_mean,cosine
KMeans_ICA_5,0.00971437426802344,0.1,0.9459434872651422,0.5401782580267194,calculate_mean,manhattan
KMeans_ICA_5,0.007163835159888055,0.2,0.9461561534074876,0.5094426449319858,calculate_nearest,euclidean
KMeans_ICA_5,0.011210543504005245,0.2,0.9381992586002142,0.5492961362631464,calculate_nearest,cosine
KMeans_ICA_5,0.0066455691181459735,0.2,0.9455082282134183,0.5016486715259943,calculate_nearest,manhattan
KMeans_ICA_5,0.011057289962036978,0.0,0.9450841797084997,0.539732591320719,calculate_farthest,euclidean
KMeans_ICA_5,0.01169863658085502,0.4,0.9370038589030272,0.5671552933280007,calculate_farthest,cosine
KMeans_ICA_5,0.012701480584370099,0.1,0.9406905206048896,0.5049788546632046,calculate_farthest,manhattan
KMeans_Default_2,0.6405532669686728,0.0,0.10711150849086049,0.5871039200062227,calculate_mean,euclidean
KMeans_Default_2,1.0624002465830336,0.2,0.10076434332685137,0.594128462088783,calculate_mean,cosine
KMeans_Default_2,0.8043593429408127,0.0,0.1069075247153161,0.5895092855391273,calculate_mean,manhattan
KMeans_Default_2,0.6405532669686728,0.0,0.10711150849086049,0.5871039200062227,calculate_nearest,euclidean
KMeans_Default_2,1.0624002465830336,0.2,0.10076434332685137,0.594128462088783,calculate_nearest,cosine
KMeans_Default_2,0.8043593429408127,0.0,0.1069075247153161,0.5895092855391273,calculate_nearest,manhattan
KMeans_Default_2,0.6405532669686728,0.0,0.10711150849086049,0.5871039200062227,calculate_farthest,euclidean
KMeans_Default_2,1.0624002465830336,0.2,0.10076434332685137,0.594128462088783,calculate_farthest,cosine
KMeans_Default_2,0.8043593429408127,0.0,0.1069075247153161,0.5895092855391273,calculate_farthest,manhattan
GMM_Default_3,1.1493257166205382,0.0,0.11509848085316084,0.6521796640542724,calculate_mean,euclidean
GMM_Default_3,0.7481957029536438,0.2,0.1031785032120903,0.5975352278204684,calculate_mean,cosine
GMM_Default_3,0.8300823162886666,0.0,0.10971712118606293,0.6107371319688047,calculate_mean,manhattan
GMM_Default_3,1.1493257166205382,0.0,0.11509848085316084,0.6521796640542724,calculate_nearest,euclidean
GMM_Default_3,0.7481957029536438,0.2,0.1031785032120903,0.5975352278204684,calculate_nearest,cosine
GMM_Default_3,0.8300823162886666,0.0,0.10971712118606293,0.6107371319688047,calculate_nearest,manhattan
GMM_Default_3,1.1493257166205382,0.0,0.11509848085316084,0.6521796640542724,calculate_farthest,euclidean
GMM_Default_3,0.7481957029536438,0.2,0.1031785032120903,0.5975352278204684,calculate_farthest,cosine
GMM_Default_3,0.8300823162886666,0.0,0.10971712118606293,0.6107371319688047,calculate_farthest,manhattan
KMeans_PCA_3,0.03358142814817075,0.3,0.1243896410660149,0.6194972724944965,calculate_mean,euclidean
KMeans_PCA_3,0.3501710173427363,0.3,0.1224922736407463,0.6041873142854562,calculate_mean,cosine
KMeans_PCA_3,0.03358142814817075,0.3,0.12434056229787863,0.6191203285594183,calculate_mean,manhattan
KMeans_PCA_3,0.03358142814817075,0.3,0.1243896410660149,0.6194972724944965,calculate_nearest,euclidean
KMeans_PCA_3,0.3501710173427363,0.3,0.1224922736407463,0.6041873142854562,calculate_nearest,cosine
KMeans_PCA_3,0.03358142814817075,0.3,0.12434056229787863,0.6191203285594183,calculate_nearest,manhattan
KMeans_PCA_3,0.053293406113571626,0.1,0.12098935508215007,0.5903080230950625,calculate_farthest,euclidean
KMeans_PCA_3,0.07850879925948533,0.1,0.12135232317894365,0.5956976270061696,calculate_farthest,cosine
KMeans_PCA_3,0.10818593664102924,0.2,0.12267837820137811,0.6058262332580401,calculate_farthest,manhattan
GMM_PCA_2,0.03358142814817075,0.3,0.1243896410660149,0.6194972724944965,calculate_mean,euclidean
GMM_PCA_2,0.3331850791189331,0.2,0.12340090668094227,0.6116272482857097,calculate_mean,cosine
GMM_PCA_2,0.03358142814817075,0.3,0.12434056229787863,0.6191203285594183,calculate_mean,manhattan
GMM_PCA_2,0.03358142814817075,0.3,0.1243896410660149,0.6194972724944965,calculate_nearest,euclidean
GMM_PCA_2,0.3331850791189331,0.2,0.12340090668094227,0.6116272482857097,calculate_nearest,cosine
GMM_PCA_2,0.03358142814817075,0.3,0.12434056229787863,0.6191203285594183,calculate_nearest,manhattan
GMM_PCA_2,0.03358142814817075,0.3,0.1243896410660149,0.6194972724944965,calculate_farthest,euclidean
GMM_PCA_2,0.3331850791189331,0.2,0.12340090668094227,0.6116272482857097,calculate_farthest,cosine
GMM_PCA_2,0.03358142814817075,0.3,0.12434056229787863,0.6191203285594183,calculate_farthest,manhattan
GMM_ICA_3,0.006616175987494804,0.4,0.950407598401194,0.5663003423409825,calculate_mean,euclidean
GMM_ICA_3,0.009687923665998365,0.1,0.946213110230003,0.5844790966567595,calculate_mean,cosine
GMM_ICA_3,0.006746143633874619,0.3,0.9503290849663776,0.56636227781089,calculate_mean,manhattan
GMM_ICA_3,0.006616175987494804,0.4,0.950407598401194,0.5663003423409825,calculate_nearest,euclidean
GMM_ICA_3,0.009687923665998365,0.1,0.946213110230003,0.5844790966567595,calculate_nearest,cosine
GMM_ICA_3,0.006746143633874619,0.3,0.9503290849663776,0.56636227781089,calculate_nearest,manhattan
GMM_ICA_3,0.008057708354562269,0.2,0.9477980510053999,0.5549272407340855,calculate_farthest,euclidean
GMM_ICA_3,0.014089679912109762,0.3,0.9225583683878549,0.5960685252065465,calculate_farthest,cosine
GMM_ICA_3,0.009361292405389151,0.0,0.9470620050942432,0.5455432064657167,calculate_farthest,manhattan
GMM_ICA_9,0.006742809814843594,0.4,0.9487919482850329,0.5468208956749738,calculate_mean,euclidean
GMM_ICA_9,0.00964684842549022,0.0,0.9461340787887595,0.5836219972877368,calculate_mean,cosine
GMM_ICA_9,0.006755874140075909,0.3,0.9493078384820656,0.5519108278540551,calculate_mean,manhattan
GMM_ICA_9,0.006742809814843594,0.4,0.9487919482850329,0.5468208956749738,calculate_nearest,euclidean
GMM_ICA_9,0.00964684842549022,0.0,0.9461340787887595,0.5836219972877368,calculate_nearest,cosine
GMM_ICA_9,0.006755874140075909,0.3,0.9493078384820656,0.5519108278540551,calculate_nearest,manhattan
GMM_ICA_9,0.006742809814843594,0.4,0.9487919482850329,0.5468208956749738,calculate_farthest,euclidean
GMM_ICA_9,0.00964684842549022,0.0,0.9461340787887595,0.5836219972877368,calculate_farthest,cosine
GMM_ICA_9,0.006755874140075909,0.3,0.9493078384820656,0.5519108278540551,calculate_farthest,manhattan
KMeans_ICA_5,0.006742809814843594,0.4,0.9487919482850329,0.5468208956749738,calculate_mean,euclidean
KMeans_ICA_5,0.009163832354119867,0.0,0.9470976306797723,0.5904764020319567,calculate_mean,cosine
KMeans_ICA_5,0.006755874140075909,0.3,0.9493078384820656,0.5519108278540551,calculate_mean,manhattan
KMeans_ICA_5,0.006742809814843594,0.4,0.9487919482850329,0.5468208956749738,calculate_nearest,euclidean
KMeans_ICA_5,0.009163832354119867,0.0,0.9470976306797723,0.5904764020319567,calculate_nearest,cosine
KMeans_ICA_5,0.006755874140075909,0.3,0.9493078384820656,0.5519108278540551,calculate_nearest,manhattan
KMeans_ICA_5,0.010522046873423336,0.1,0.9442459903508128,0.5224054159653657,calculate_farthest,euclidean
KMeans_ICA_5,0.014688802073198835,0.1,0.9358335340347907,0.5488949948044465,calculate_farthest,cosine
KMeans_ICA_5,0.010403661881177941,0.1,0.9430105789507854,0.5149276831195881,calculate_farthest,manhattan
KMeans_Default_2,0.6320382851250523,0.1,0.10273287155047992,0.6672742826982513,calculate_mean,euclidean
KMeans_Default_2,0.6994453963842544,0.1,0.1016424018773621,0.6621896665649677,calculate_mean,cosine
KMeans_Default_2,0.7670905917966611,0.1,0.099151944762301,0.6428001529715511,calculate_mean,manhattan
KMeans_Default_2,0.6320382851250523,0.1,0.10273287155047992,0.6672742826982513,calculate_nearest,euclidean
KMeans_Default_2,0.6994453963842544,0.1,0.1016424018773621,0.6621896665649677,calculate_nearest,cosine
KMeans_Default_2,0.7670905917966611,0.1,0.099151944762301,0.6428001529715511,calculate_nearest,manhattan
KMeans_Default_2,0.6320382851250523,0.1,0.10273287155047992,0.6672742826982513,calculate_farthest,euclidean
KMeans_Default_2,0.6994453963842544,0.1,0.1016424018773621,0.6621896665649677,calculate_farthest,cosine
KMeans_Default_2,0.7670905917966611,0.1,0.099151944762301,0.6428001529715511,calculate_farthest,manhattan
GMM_Default_3,0.756340191482766,0.2,0.09888458931961946,0.6440462036626251,calculate_mean,euclidean
GMM_Default_3,0.9320628613333161,0.0,0.09593593885737574,0.6347320852197798,calculate_mean,cosine
GMM_Default_3,0.8318377616404597,0.1,0.10287472618189686,0.6687248525407378,calculate_mean,manhattan
GMM_Default_3,0.6714433501654934,0.1,0.10319221828127284,0.6704054257278053,calculate_nearest,euclidean
GMM_Default_3,0.8257111062555953,0.4,0.0992491873495241,0.6496985046881274,calculate_nearest,cosine
GMM_Default_3,0.698273035331711,0.1,0.09980182399332506,0.6474739072050789,calculate_nearest,manhattan
GMM_Default_3,0.6714433501654934,0.1,0.10319221828127284,0.6704054257278053,calculate_farthest,euclidean
GMM_Default_3,0.8257111062555953,0.4,0.0992491873495241,0.6496985046881274,calculate_farthest,cosine
GMM_Default_3,0.698273035331711,0.1,0.09980182399332506,0.6474739072050789,calculate_farthest,manhattan
KMeans_PCA_3,0.024284905833694012,0.5,0.19122712104991055,0.5713166320732516,calculate_mean,euclidean
KMeans_PCA_3,0.23960753111318103,0.3,0.1860390625852881,0.5776750750785434,calculate_mean,cosine
KMeans_PCA_3,0.028336237650127518,0.5,0.1904497990412075,0.5651595035225249,calculate_mean,manhattan
KMeans_PCA_3,0.024284905833694012,0.5,0.19122712104991055,0.5713166320732516,calculate_nearest,euclidean
KMeans_PCA_3,0.23960753111318103,0.3,0.1860390625852881,0.5776750750785434,calculate_nearest,cosine
KMeans_PCA_3,0.028336237650127518,0.5,0.1904497990412075,0.5651595035225249,calculate_nearest,manhattan
KMeans_PCA_3,0.04885987050514451,0.4,0.19066634045063582,0.5670401896629447,calculate_farthest,euclidean
KMeans_PCA_3,0.07850879925948533,0.3,0.18390633844052032,0.5529203864137715,calculate_farthest,cosine
KMeans_PCA_3,0.22097255424039702,0.5,0.18303723195706664,0.5163190831791162,calculate_farthest,manhattan
GMM_PCA_2,0.024284905833694012,0.5,0.19122712104991055,0.5713166320732516,calculate_mean,euclidean
GMM_PCA_2,0.3031979337792917,0.3,0.18867539634184433,0.5939464805196145,calculate_mean,cosine
GMM_PCA_2,0.028336237650127518,0.5,0.1904497990412075,0.5651595035225249,calculate_mean,manhattan
GMM_PCA_2,0.024284905833694012,0.5,0.19122712104991055,0.5713166320732516,calculate_nearest,euclidean
GMM_PCA_2,0.3031979337792917,0.3,0.18867539634184433,0.5939464805196145,calculate_nearest,cosine
GMM_PCA_2,0.028336237650127518,0.5,0.1904497990412075,0.5651595035225249,calculate_nearest,manhattan
GMM_PCA_2,0.024284905833694012,0.5,0.19122712104991055,0.5713166320732516,calculate_farthest,euclidean
GMM_PCA_2,0.3031979337792917,0.3,0.18867539634184433,0.5939464805196145,calculate_farthest,cosine
GMM_PCA_2,0.028336237650127518,0.5,0.1904497990412075,0.5651595035225249,calculate_farthest,manhattan
GMM_ICA_3,0.006315001639109367,0.4,0.9519730546610975,0.5865626874848473,calculate_mean,euclidean
GMM_ICA_3,0.010636629392993861,0.3,0.9447705523873966,0.5890982139459149,calculate_mean,cosine
GMM_ICA_3,0.006632038025400668,0.4,0.9505357150165611,0.5672308950246319,calculate_mean,manhattan
GMM_ICA_3,0.006315001639109367,0.4,0.9519730546610975,0.5865626874848473,calculate_nearest,euclidean
GMM_ICA_3,0.010636629392993861,0.3,0.9447705523873966,0.5890982139459149,calculate_nearest,cosine
GMM_ICA_3,0.006632038025400668,0.4,0.9505357150165611,0.5672308950246319,calculate_nearest,manhattan
GMM_ICA_3,0.008050776042011477,0.2,0.9482394138947521,0.5536152937396231,calculate_farthest,euclidean
GMM_ICA_3,0.010915159798907765,0.2,0.9402387187013012,0.5852449007224405,calculate_farthest,cosine
GMM_ICA_3,0.007947738881616245,0.4,0.9463148519186269,0.5353308686388591,calculate_farthest,manhattan
GMM_ICA_9,0.0060487232013822,0.4,0.949701121348757,0.5546226074519411,calculate_mean,euclidean
GMM_ICA_9,0.010788329098334779,0.2,0.9454706787995407,0.6038056323026099,calculate_mean,cosine
GMM_ICA_9,0.006585764182890603,0.5,0.9510897419741848,0.5782443040780687,calculate_mean,manhattan
GMM_ICA_9,0.0060487232013822,0.4,0.949701121348757,0.5546226074519411,calculate_nearest,euclidean
GMM_ICA_9,0.010788329098334779,0.2,0.9454706787995407,0.6038056323026099,calculate_nearest,cosine
GMM_ICA_9,0.006585764182890603,0.5,0.9510897419741848,0.5782443040780687,calculate_nearest,manhattan
GMM_ICA_9,0.0060487232013822,0.4,0.949701121348757,0.5546226074519411,calculate_farthest,euclidean
GMM_ICA_9,0.010788329098334779,0.2,0.9454706787995407,0.6038056323026099,calculate_farthest,cosine
GMM_ICA_9,0.006585764182890603,0.5,0.9510897419741848,0.5782443040780687,calculate_farthest,manhattan
KMeans_ICA_5,0.006315001639109367,0.4,0.9519730546610975,0.5865626874848473,calculate_mean,euclidean
KMeans_ICA_5,0.011269552263673653,0.2,0.9440110303839884,0.5993556098864303,calculate_mean,cosine
KMeans_ICA_5,0.006632038025400668,0.4,0.9505357150165611,0.5672308950246319,calculate_mean,manhattan
KMeans_ICA_5,0.006315001639109367,0.4,0.9519730546610975,0.5865626874848473,calculate_nearest,euclidean
KMeans_ICA_5,0.011269552263673653,0.2,0.9440110303839884,0.5993556098864303,calculate_nearest,cosine
KMeans_ICA_5,0.006632038025400668,0.4,0.9505357150165611,0.5672308950246319,calculate_nearest,manhattan
KMeans_ICA_5,0.009496160895391823,0.5,0.9416802088487952,0.49644863033568637,calculate_farthest,euclidean
KMeans_ICA_5,0.015182815512386622,0.3,0.9332462918295964,0.5167464098335272,calculate_farthest,cosine
KMeans_ICA_5,0.010476789182254097,0.4,0.9441526302449448,0.5207034295962337,calculate_farthest,manhattan
KMeans_Default_2,0.5839837240690052,0.2,0.12514117100698208,0.6878489660674713,calculate_mean,euclidean
KMeans_Default_2,0.6601158997670766,0.4,0.12195812974374784,0.6844497188540041,calculate_mean,cosine
KMeans_Default_2,0.624062018965109,0.3,0.12914570665049802,0.7069201196362785,calculate_mean,manhattan
KMeans_Default_2,0.5839837240690052,0.2,0.12514117100698208,0.6878489660674713,calculate_nearest,euclidean
KMeans_Default_2,0.6601158997670766,0.4,0.12195812974374784,0.6844497188540041,calculate_nearest,cosine
KMeans_Default_2,0.624062018965109,0.3,0.12914570665049802,0.7069201196362785,calculate_nearest,manhattan
KMeans_Default_2,0.5839837240690052,0.2,0.12514117100698208,0.6878489660674713,calculate_farthest,euclidean
KMeans_Default_2,0.6601158997670766,0.4,0.12195812974374784,0.6844497188540041,calculate_farthest,cosine
KMeans_Default_2,0.624062018965109,0.3,0.12914570665049802,0.7069201196362785,calculate_farthest,manhattan
GMM_Default_3,0.6759345112508722,0.4,0.124407917267688,0.6838217188995973,calculate_mean,euclidean
GMM_Default_3,0.8311960209133253,0.4,0.11276326629600295,0.6415065040357446,calculate_mean,cosine
GMM_Default_3,0.7747079959477641,0.4,0.11313804801031077,0.6220795067127237,calculate_mean,manhattan
GMM_Default_3,0.5932701225878166,0.3,0.11943348126793557,0.6579183342165817,calculate_nearest,euclidean
GMM_Default_3,0.6823747023391067,0.3,0.12187408545039095,0.6820632675830771,calculate_nearest,cosine
GMM_Default_3,0.6287015019436104,0.3,0.1258855512825805,0.6909491443500068,calculate_nearest,manhattan
GMM_Default_3,0.5932701225878166,0.3,0.11943348126793557,0.6579183342165817,calculate_farthest,euclidean
GMM_Default_3,0.6823747023391067,0.3,0.12187408545039095,0.6820632675830771,calculate_farthest,cosine
GMM_Default_3,0.6287015019436104,0.3,0.1258855512825805,0.6909491443500068,calculate_farthest,manhattan
KMeans_PCA_3,0.250966223429782,0.1,0.21872350097286805,0.5382035781721528,calculate_mean,euclidean
KMeans_PCA_3,0.5367337516501055,0.2,0.16119391268769367,0.5002214904937299,calculate_mean,cosine
KMeans_PCA_3,0.250966223429782,0.1,0.22727721340490165,0.5780197323107383,calculate_mean,manhattan
KMeans_PCA_3,0.250966223429782,0.1,0.21872350097286805,0.5382035781721528,calculate_nearest,euclidean
KMeans_PCA_3,0.5367337516501055,0.2,0.16119391268769367,0.5002214904937299,calculate_nearest,cosine
KMeans_PCA_3,0.250966223429782,0.1,0.22727721340490165,0.5780197323107383,calculate_nearest,manhattan
KMeans_PCA_3,0.23410804564962476,0.3,0.19768257513759924,0.4211086556116578,calculate_farthest,euclidean
KMeans_PCA_3,0.2644739961033024,0.0,0.13641568119424458,0.5226431459725093,calculate_farthest,cosine
KMeans_PCA_3,0.026741690170339193,0.1,0.22118628464309154,0.49369832637460515,calculate_farthest,manhattan
GMM_PCA_2,0.250966223429782,0.1,0.21872350097286805,0.5382035781721528,calculate_mean,euclidean
GMM_PCA_2,0.5367337516501055,0.2,0.16119391268769367,0.5002214904937299,calculate_mean,cosine
GMM_PCA_2,0.250966223429782,0.1,0.22727721340490165,0.5780197323107383,calculate_mean,manhattan
GMM_PCA_2,0.250966223429782,0.1,0.21872350097286805,0.5382035781721528,calculate_nearest,euclidean
GMM_PCA_2,0.5367337516501055,0.2,0.16119391268769367,0.5002214904937299,calculate_nearest,cosine
GMM_PCA_2,0.250966223429782,0.1,0.22727721340490165,0.5780197323107383,calculate_nearest,manhattan
GMM_PCA_2,0.250966223429782,0.1,0.21872350097286805,0.5382035781721528,calculate_farthest,euclidean
GMM_PCA_2,0.5367337516501055,0.2,0.16119391268769367,0.5002214904937299,calculate_farthest,cosine
GMM_PCA_2,0.250966223429782,0.1,0.22727721340490165,0.5780197323107383,calculate_farthest,manhattan
GMM_ICA_3,0.007470558351930886,0.3,0.9530189558397513,0.5346539389585555,calculate_mean,euclidean
GMM_ICA_3,0.013881897406955574,0.5,0.9372201459878933,0.531630921137474,calculate_mean,cosine
GMM_ICA_3,0.00783358686020587,0.4,0.9525046903214982,0.5290758749556261,calculate_mean,manhattan
GMM_ICA_3,0.007470558351930886,0.3,0.9530189558397513,0.5346539389585555,calculate_nearest,euclidean
GMM_ICA_3,0.013881897406955574,0.5,0.9372201459878933,0.531630921137474,calculate_nearest,cosine
GMM_ICA_3,0.00783358686020587,0.4,0.9525046903214982,0.5290758749556261,calculate_nearest,manhattan
GMM_ICA_3,0.008550650287876669,0.4,0.9495056013693801,0.4957486387561181,calculate_farthest,euclidean
GMM_ICA_3,0.014418496585562147,0.3,0.9405784863367581,0.552261413468824,calculate_farthest,cosine
GMM_ICA_3,0.008664219151049033,0.4,0.9501251549563301,0.5112555773389608,calculate_farthest,manhattan
GMM_ICA_9,0.007783936939280072,0.3,0.9510931924123732,0.5106655726717704,calculate_mean,euclidean
GMM_ICA_9,0.010122818525623384,0.6,0.9486931348511927,0.5700399483182997,calculate_mean,cosine
GMM_ICA_9,0.008062877653207208,0.3,0.9511181545266754,0.5122116317465929,calculate_mean,manhattan
GMM_ICA_9,0.007783936939280072,0.3,0.9510931924123732,0.5106655726717704,calculate_nearest,euclidean
GMM_ICA_9,0.010122818525623384,0.6,0.9486931348511927,0.5700399483182997,calculate_nearest,cosine
GMM_ICA_9,0.008062877653207208,0.3,0.9511181545266754,0.5122116317465929,calculate_nearest,manhattan
GMM_ICA_9,0.007783936939280072,0.3,0.9510931924123732,0.5106655726717704,calculate_farthest,euclidean
GMM_ICA_9,0.010122818525623384,0.6,0.9486931348511927,0.5700399483182997,calculate_farthest,cosine
GMM_ICA_9,0.008062877653207208,0.3,0.9511181545266754,0.5122116317465929,calculate_farthest,manhattan
KMeans_ICA_5,0.007741820709097343,0.3,0.953740503177188,0.5451152536088711,calculate_mean,euclidean
KMeans_ICA_5,0.011793637021283122,0.6,0.9403036586852176,0.5335124125289229,calculate_mean,cosine
KMeans_ICA_5,0.008053715257759657,0.4,0.9526574443193213,0.5315473900564096,calculate_mean,manhattan
KMeans_ICA_5,0.007741820709097343,0.3,0.953740503177188,0.5451152536088711,calculate_nearest,euclidean
KMeans_ICA_5,0.011793637021283122,0.6,0.9403036586852176,0.5335124125289229,calculate_nearest,cosine
KMeans_ICA_5,0.008053715257759657,0.4,0.9526574443193213,0.5315473900564096,calculate_nearest,manhattan
KMeans_ICA_5,0.011792223959712834,0.1,0.9499407339706792,0.5343007696548848,calculate_farthest,euclidean
KMeans_ICA_5,0.013190894130719007,0.4,0.9356922786825677,0.5383330578164747,calculate_farthest,cosine
KMeans_ICA_5,0.011256258925690004,0.1,0.9489341404216557,0.5327989651389878,calculate_farthest,manhattan
KMeans_Default_2,0.5499713645188233,0.1,0.13086225730075976,0.6443020544029816,calculate_mean,euclidean
KMeans_Default_2,0.8991169683670613,0.4,0.12539316760616215,0.637330327784907,calculate_mean,cosine
KMeans_Default_2,0.8840345089487515,0.1,0.131491560001468,0.6428458056653603,calculate_mean,manhattan
KMeans_Default_2,0.5499713645188233,0.1,0.13086225730075976,0.6443020544029816,calculate_nearest,euclidean
KMeans_Default_2,0.8991169683670613,0.4,0.12539316760616215,0.637330327784907,calculate_nearest,cosine
KMeans_Default_2,0.8840345089487515,0.1,0.131491560001468,0.6428458056653603,calculate_nearest,manhattan
KMeans_Default_2,0.5499713645188233,0.1,0.13086225730075976,0.6443020544029816,calculate_farthest,euclidean
KMeans_Default_2,0.8991169683670613,0.4,0.12539316760616215,0.637330327784907,calculate_farthest,cosine
KMeans_Default_2,0.8840345089487515,0.1,0.131491560001468,0.6428458056653603,calculate_farthest,manhattan
GMM_Default_3,0.5530947255974332,0.1,0.13260467740514484,0.6517879335143947,calculate_mean,euclidean
GMM_Default_3,0.8328490087544196,0.3,0.13387603983831362,0.6731520887484423,calculate_mean,cosine
GMM_Default_3,0.7792155366418524,0.1,0.13704017491245085,0.6700475686668146,calculate_mean,manhattan
GMM_Default_3,0.5530947255974332,0.1,0.13260467740514484,0.6517879335143947,calculate_nearest,euclidean
GMM_Default_3,0.8328490087544196,0.3,0.13387603983831362,0.6731520887484423,calculate_nearest,cosine
GMM_Default_3,0.7792155366418524,0.1,0.13704017491245085,0.6700475686668146,calculate_nearest,manhattan
GMM_Default_3,0.5530947255974332,0.1,0.13260467740514484,0.6517879335143947,calculate_farthest,euclidean
GMM_Default_3,0.8328490087544196,0.3,0.13387603983831362,0.6731520887484423,calculate_farthest,cosine
GMM_Default_3,0.7792155366418524,0.1,0.13704017491245085,0.6700475686668146,calculate_farthest,manhattan
KMeans_PCA_3,0.14444637459340798,0.6,0.21619819558870823,0.6548938617729598,calculate_mean,euclidean
KMeans_PCA_3,1.348441696776234,0.4,0.14277566009486678,0.5109646136894352,calculate_mean,cosine
KMeans_PCA_3,0.015737125359713673,0.5,0.2129294421446156,0.639999634025332,calculate_mean,manhattan
KMeans_PCA_3,0.14444637459340798,0.6,0.21619819558870823,0.6548938617729598,calculate_nearest,euclidean
KMeans_PCA_3,1.348441696776234,0.4,0.14277566009486678,0.5109646136894352,calculate_nearest,cosine
KMeans_PCA_3,0.015737125359713673,0.5,0.2129294421446156,0.639999634025332,calculate_nearest,manhattan
KMeans_PCA_3,0.041988004815441446,0.1,0.2019550112779575,0.5804609995222653,calculate_farthest,euclidean
KMeans_PCA_3,0.2644739961033024,0.2,0.1456990513441092,0.5875780782041289,calculate_farthest,cosine
KMeans_PCA_3,0.020775077602883964,0.1,0.20203770315080047,0.5812316876903301,calculate_farthest,manhattan
GMM_PCA_2,0.14444637459340798,0.6,0.21619819558870823,0.6548938617729598,calculate_mean,euclidean
GMM_PCA_2,1.348441696776234,0.4,0.14277566009486678,0.5109646136894352,calculate_mean,cosine
GMM_PCA_2,0.015737125359713673,0.5,0.2129294421446156,0.639999634025332,calculate_mean,manhattan
GMM_PCA_2,0.14444637459340798,0.6,0.21619819558870823,0.6548938617729598,calculate_nearest,euclidean
GMM_PCA_2,1.348441696776234,0.4,0.14277566009486678,0.5109646136894352,calculate_nearest,cosine
GMM_PCA_2,0.015737125359713673,0.5,0.2129294421446156,0.639999634025332,calculate_nearest,manhattan
GMM_PCA_2,0.14444637459340798,0.6,0.21619819558870823,0.6548938617729598,calculate_farthest,euclidean
GMM_PCA_2,1.348441696776234,0.4,0.14277566009486678,0.5109646136894352,calculate_farthest,cosine
GMM_PCA_2,0.015737125359713673,0.5,0.2129294421446156,0.639999634025332,calculate_farthest,manhattan
GMM_ICA_3,0.005160472962545543,0.1,0.9556796660876093,0.5804272219569284,calculate_mean,euclidean
GMM_ICA_3,0.008064931918725537,0.1,0.9534267010981061,0.5800451623357544,calculate_mean,cosine
GMM_ICA_3,0.00561630384112357,0.1,0.952848019053893,0.5363736822908481,calculate_mean,manhattan
GMM_ICA_3,0.005160472962545543,0.1,0.9556796660876093,0.5804272219569284,calculate_nearest,euclidean
GMM_ICA_3,0.008064931918725537,0.1,0.9534267010981061,0.5800451623357544,calculate_nearest,cosine
GMM_ICA_3,0.00561630384112357,0.1,0.952848019053893,0.5363736822908481,calculate_nearest,manhattan
GMM_ICA_3,0.009119027955838474,0.3,0.9545543218808704,0.5820069494498995,calculate_farthest,euclidean
GMM_ICA_3,0.008775515972971456,0.2,0.9507965493562656,0.593891807984868,calculate_farthest,cosine
GMM_ICA_3,0.009370199740239029,0.2,0.9538094949926693,0.5807095377263288,calculate_farthest,manhattan
GMM_ICA_9,0.004919094240411033,0.1,0.9579816995293817,0.6130568141206764,calculate_mean,euclidean
GMM_ICA_9,0.00825167143525278,0.1,0.954295990776955,0.5935118729116011,calculate_mean,cosine
GMM_ICA_9,0.005601354956081947,0.1,0.9557855846232316,0.5791265103322808,calculate_mean,manhattan
GMM_ICA_9,0.004919094240411033,0.1,0.9579816995293817,0.6130568141206764,calculate_nearest,euclidean
GMM_ICA_9,0.00825167143525278,0.1,0.954295990776955,0.5935118729116011,calculate_nearest,cosine
GMM_ICA_9,0.005601354956081947,0.1,0.9557855846232316,0.5791265103322808,calculate_nearest,manhattan
GMM_ICA_9,0.004919094240411033,0.1,0.9579816995293817,0.6130568141206764,calculate_farthest,euclidean
GMM_ICA_9,0.00825167143525278,0.1,0.954295990776955,0.5935118729116011,calculate_farthest,cosine
GMM_ICA_9,0.005601354956081947,0.1,0.9557855846232316,0.5791265103322808,calculate_farthest,manhattan
KMeans_ICA_5,0.005160472962545543,0.1,0.9556796660876093,0.5804272219569284,calculate_mean,euclidean
KMeans_ICA_5,0.008309470682920823,0.1,0.9516193145339894,0.5629041158340125,calculate_mean,cosine
KMeans_ICA_5,0.00561630384112357,0.1,0.952848019053893,0.5363736822908481,calculate_mean,manhattan
KMeans_ICA_5,0.005160472962545543,0.1,0.9556796660876093,0.5804272219569284,calculate_nearest,euclidean
KMeans_ICA_5,0.008309470682920823,0.1,0.9516193145339894,0.5629041158340125,calculate_nearest,cosine
KMeans_ICA_5,0.00561630384112357,0.1,0.952848019053893,0.5363736822908481,calculate_nearest,manhattan
KMeans_ICA_5,0.009103886286976927,0.2,0.9506489994871757,0.5505055579159812,calculate_farthest,euclidean
KMeans_ICA_5,0.010843297736978416,0.2,0.9490759230786108,0.5803297702611496,calculate_farthest,cosine
KMeans_ICA_5,0.009045361634085187,0.3,0.9517045863381267,0.5674002778853886,calculate_farthest,manhattan
KMeans_Default_2,0.7098893839642777,0.1,0.13766418884469592,0.7201911568748576,calculate_mean,euclidean
KMeans_Default_2,0.4842985546834162,0.1,0.13183437657513727,0.7001052209933029,calculate_mean,cosine
KMeans_Default_2,0.45780431816747125,0.1,0.13395379592767193,0.7043230041115908,calculate_mean,manhattan
KMeans_Default_2,0.7098893839642777,0.1,0.13766418884469592,0.7201911568748576,calculate_nearest,euclidean
KMeans_Default_2,0.4842985546834162,0.1,0.13183437657513727,0.7001052209933029,calculate_nearest,cosine
KMeans_Default_2,0.45780431816747125,0.1,0.13395379592767193,0.7043230041115908,calculate_nearest,manhattan
KMeans_Default_2,0.7098893839642777,0.1,0.13766418884469592,0.7201911568748576,calculate_farthest,euclidean
KMeans_Default_2,0.4842985546834162,0.1,0.13183437657513727,0.7001052209933029,calculate_farthest,cosine
KMeans_Default_2,0.45780431816747125,0.1,0.13395379592767193,0.7043230041115908,calculate_farthest,manhattan
GMM_Default_3,0.7076627862793472,0.2,0.13923399334316927,0.7270909597993099,calculate_mean,euclidean
GMM_Default_3,0.5006418778350842,0.1,0.1313948555537722,0.6995446170707196,calculate_mean,cosine
GMM_Default_3,0.7131699358129778,0.2,0.12949372810184145,0.6846480527731512,calculate_mean,manhattan
GMM_Default_3,0.7076627862793472,0.2,0.13923399334316927,0.7270909597993099,calculate_nearest,euclidean
GMM_Default_3,0.5006418778350842,0.1,0.1313948555537722,0.6995446170707196,calculate_nearest,cosine
GMM_Default_3,0.7131699358129778,0.2,0.12949372810184145,0.6846480527731512,calculate_nearest,manhattan
GMM_Default_3,0.7076627862793472,0.2,0.13923399334316927,0.7270909597993099,calculate_farthest,euclidean
GMM_Default_3,0.5006418778350842,0.1,0.1313948555537722,0.6995446170707196,calculate_farthest,cosine
GMM_Default_3,0.7131699358129778,0.2,0.12949372810184145,0.6846480527731512,calculate_farthest,manhattan
KMeans_PCA_3,0.01881238360559219,0.6,0.18724252915619571,0.5897638139541621,calculate_mean,euclidean
KMeans_PCA_3,0.49806181292661406,0.0,0.17875628998363563,0.6144186605794656,calculate_mean,cosine
KMeans_PCA_3,0.01881238360559219,0.6,0.18741322301946456,0.590898565804482,calculate_mean,manhattan
KMeans_PCA_3,0.01881238360559219,0.6,0.18724252915619571,0.5897638139541621,calculate_nearest,euclidean
KMeans_PCA_3,0.49806181292661406,0.0,0.17875628998363563,0.6144186605794656,calculate_nearest,cosine
KMeans_PCA_3,0.01881238360559219,0.6,0.18741322301946456,0.590898565804482,calculate_nearest,manhattan
KMeans_PCA_3,0.027716754543907374,0.6,0.18695648345176358,0.5878088123914095,calculate_farthest,euclidean
KMeans_PCA_3,0.2644739961033024,0.0,0.14613378660491763,0.6059218066739019,calculate_farthest,cosine
KMeans_PCA_3,0.023331034604747884,0.4,0.1869144118556936,0.587525181698471,calculate_farthest,manhattan
GMM_PCA_2,0.01881238360559219,0.6,0.18724252915619571,0.5897638139541621,calculate_mean,euclidean
GMM_PCA_2,0.49806181292661406,0.0,0.17875628998363563,0.6144186605794656,calculate_mean,cosine
GMM_PCA_2,0.01881238360559219,0.6,0.18741322301946456,0.590898565804482,calculate_mean,manhattan
GMM_PCA_2,0.01881238360559219,0.6,0.18724252915619571,0.5897638139541621,calculate_nearest,euclidean
GMM_PCA_2,0.49806181292661406,0.0,0.17875628998363563,0.6144186605794656,calculate_nearest,cosine
GMM_PCA_2,0.01881238360559219,0.6,0.18741322301946456,0.590898565804482,calculate_nearest,manhattan
GMM_PCA_2,0.01881238360559219,0.6,0.18724252915619571,0.5897638139541621,calculate_farthest,euclidean
GMM_PCA_2,0.49806181292661406,0.0,0.17875628998363563,0.6144186605794656,calculate_farthest,cosine
GMM_PCA_2,0.01881238360559219,0.6,0.18741322301946456,0.590898565804482,calculate_farthest,manhattan
GMM_ICA_3,0.005774621485291313,0.4,0.9502899919769127,0.5634780681866133,calculate_mean,euclidean
GMM_ICA_3,0.007696833010834269,0.1,0.9481043056642454,0.5836041065350829,calculate_mean,cosine
GMM_ICA_3,0.005678066754732273,0.4,0.9493856153285339,0.546566038971785,calculate_mean,manhattan
GMM_ICA_3,0.005774621485291313,0.4,0.9502899919769127,0.5634780681866133,calculate_nearest,euclidean
GMM_ICA_3,0.007696833010834269,0.1,0.9481043056642454,0.5836041065350829,calculate_nearest,cosine
GMM_ICA_3,0.005678066754732273,0.4,0.9493856153285339,0.546566038971785,calculate_nearest,manhattan
GMM_ICA_3,0.009319944310175,0.3,0.9452956877156338,0.5142385206463836,calculate_farthest,euclidean
GMM_ICA_3,0.015158192048418197,0.7,0.9373144496705972,0.5311178022960749,calculate_farthest,cosine
GMM_ICA_3,0.010661361852598658,0.4,0.946156275126723,0.5339325623290491,calculate_farthest,manhattan
GMM_ICA_9,0.006459319372633098,0.3,0.9495408008131483,0.5710909170482951,calculate_mean,euclidean
GMM_ICA_9,0.00830190139136074,0.3,0.946545391001358,0.5821921308858985,calculate_mean,cosine
GMM_ICA_9,0.006921005430873881,0.5,0.9482498452573304,0.5574662216789722,calculate_mean,manhattan
GMM_ICA_9,0.0057447069702619025,0.2,0.948364957672262,0.541272889792372,calculate_nearest,euclidean
GMM_ICA_9,0.007696833010834269,0.1,0.9481043056642454,0.5836041065350829,calculate_nearest,cosine
GMM_ICA_9,0.005908846590721859,0.3,0.9498866705954058,0.5578430206876063,calculate_nearest,manhattan
GMM_ICA_9,0.0057447069702619025,0.2,0.948364957672262,0.541272889792372,calculate_farthest,euclidean
GMM_ICA_9,0.007696833010834269,0.1,0.9481043056642454,0.5836041065350829,calculate_farthest,cosine
GMM_ICA_9,0.005908846590721859,0.3,0.9498866705954058,0.5578430206876063,calculate_farthest,manhattan
KMeans_ICA_5,0.006459319372633098,0.3,0.9495408008131483,0.5710909170482951,calculate_mean,euclidean
KMeans_ICA_5,0.00830190139136074,0.3,0.946545391001358,0.5821921308858985,calculate_mean,cosine
KMeans_ICA_5,0.006921005430873881,0.5,0.9482498452573304,0.5574662216789722,calculate_mean,manhattan
KMeans_ICA_5,0.005774621485291313,0.4,0.9502899919769127,0.5634780681866133,calculate_nearest,euclidean
KMeans_ICA_5,0.007696833010834269,0.1,0.9481043056642454,0.5836041065350829,calculate_nearest,cosine
KMeans_ICA_5,0.005678066754732273,0.4,0.9493856153285339,0.546566038971785,calculate_nearest,manhattan
KMeans_ICA_5,0.01131286180524464,0.2,0.9454900862990306,0.5423706683098198,calculate_farthest,euclidean
KMeans_ICA_5,0.013290414913218883,0.7,0.9397816588998462,0.5696714418139079,calculate_farthest,cosine
KMeans_ICA_5,0.010145936381046607,0.5,0.9415367092968542,0.5071660622181668,calculate_farthest,manhattan
KMeans_Default_2,0.7979873914530923,0.5,0.12758591512199297,0.6844987727593946,calculate_mean,euclidean
KMeans_Default_2,0.594049267037789,0.3,0.12427495015423502,0.6972807316763782,calculate_mean,cosine
KMeans_Default_2,0.7274546413705647,0.3,0.1290923126302788,0.6908968873447332,calculate_mean,manhattan
KMeans_Default_2,0.7979873914530923,0.5,0.12758591512199297,0.6844987727593946,calculate_nearest,euclidean
KMeans_Default_2,0.594049267037789,0.3,0.12427495015423502,0.6972807316763782,calculate_nearest,cosine
KMeans_Default_2,0.7274546413705647,0.3,0.1290923126302788,0.6908968873447332,calculate_nearest,manhattan
KMeans_Default_2,0.7979873914530923,0.5,0.12758591512199297,0.6844987727593946,calculate_farthest,euclidean
KMeans_Default_2,0.594049267037789,0.3,0.12427495015423502,0.6972807316763782,calculate_farthest,cosine
KMeans_Default_2,0.7274546413705647,0.3,0.1290923126302788,0.6908968873447332,calculate_farthest,manhattan
GMM_Default_3,0.8824708000311697,0.6,0.12239220947843993,0.6573063634990784,calculate_mean,euclidean
GMM_Default_3,0.8450601277925303,0.4,0.1265937202196428,0.7086448137715115,calculate_mean,cosine
GMM_Default_3,0.9134623245579303,0.5,0.12967176303404473,0.6937727789349506,calculate_mean,manhattan
GMM_Default_3,0.7804364314270832,0.4,0.12783519852170247,0.6864614453731972,calculate_nearest,euclidean
GMM_Default_3,0.5591565440650119,0.1,0.12182682411225669,0.683973821486226,calculate_nearest,cosine
GMM_Default_3,0.7729450204587411,0.3,0.13243708947682734,0.7070002614409893,calculate_nearest,manhattan
GMM_Default_3,0.7804364314270832,0.4,0.12783519852170247,0.6864614453731972,calculate_farthest,euclidean
GMM_Default_3,0.5591565440650119,0.1,0.12182682411225669,0.683973821486226,calculate_farthest,cosine
GMM_Default_3,0.7729450204587411,0.3,0.13243708947682734,0.7070002614409893,calculate_farthest,manhattan
KMeans_PCA_3,0.3542409306696542,0.4,0.19045356713227113,0.6785240157867788,calculate_mean,euclidean
KMeans_PCA_3,0.387589457741659,0.4,0.16069095527318947,0.6365609590839405,calculate_mean,cosine
KMeans_PCA_3,0.3542409306696542,0.4,0.17717989312758803,0.6255792390227249,calculate_mean,manhattan
KMeans_PCA_3,0.3542409306696542,0.4,0.19045356713227113,0.6785240157867788,calculate_nearest,euclidean
KMeans_PCA_3,0.387589457741659,0.4,0.16069095527318947,0.6365609590839405,calculate_nearest,cosine
KMeans_PCA_3,0.3542409306696542,0.4,0.17717989312758803,0.6255792390227249,calculate_nearest,manhattan
KMeans_PCA_3,0.057760074081225604,0.2,0.17500334034176948,0.5989215139190959,calculate_farthest,euclidean
KMeans_PCA_3,0.2644739961033024,0.1,0.1409972218123759,0.6026124843478816,calculate_farthest,cosine
KMeans_PCA_3,0.5630234116188397,0.3,0.15251972779074177,0.5368526898036993,calculate_farthest,manhattan
GMM_PCA_2,0.3542409306696542,0.4,0.19045356713227113,0.6785240157867788,calculate_mean,euclidean
GMM_PCA_2,0.387589457741659,0.4,0.16069095527318947,0.6365609590839405,calculate_mean,cosine
GMM_PCA_2,0.3542409306696542,0.4,0.190597849889162,0.679078812121187,calculate_mean,manhattan
GMM_PCA_2,0.3542409306696542,0.4,0.19045356713227113,0.6785240157867788,calculate_nearest,euclidean
GMM_PCA_2,0.387589457741659,0.4,0.16069095527318947,0.6365609590839405,calculate_nearest,cosine
GMM_PCA_2,0.3542409306696542,0.4,0.190597849889162,0.679078812121187,calculate_nearest,manhattan
GMM_PCA_2,0.3542409306696542,0.4,0.19045356713227113,0.6785240157867788,calculate_farthest,euclidean
GMM_PCA_2,0.387589457741659,0.4,0.16069095527318947,0.6365609590839405,calculate_farthest,cosine
GMM_PCA_2,0.3542409306696542,0.4,0.190597849889162,0.679078812121187,calculate_farthest,manhattan
GMM_ICA_3,0.0071175641461863615,0.2,0.9490265460585301,0.5245210332868209,calculate_mean,euclidean
GMM_ICA_3,0.013372010423294332,0.5,0.945898754180885,0.5477003448117393,calculate_mean,cosine
GMM_ICA_3,0.006972931639921901,0.5,0.9490735530377251,0.5282403977870671,calculate_mean,manhattan
GMM_ICA_3,0.0071175641461863615,0.2,0.9490265460585301,0.5245210332868209,calculate_nearest,euclidean
GMM_ICA_3,0.013372010423294332,0.5,0.945898754180885,0.5477003448117393,calculate_nearest,cosine
GMM_ICA_3,0.006972931639921901,0.5,0.9490735530377251,0.5282403977870671,calculate_nearest,manhattan
GMM_ICA_3,0.008345300294857768,0.4,0.9518867959958414,0.5579432770212663,calculate_farthest,euclidean
GMM_ICA_3,0.009065726721587165,0.4,0.9433252834744559,0.5483687974578997,calculate_farthest,cosine
GMM_ICA_3,0.008490625664174157,0.4,0.9515623340654196,0.5545570630285475,calculate_farthest,manhattan
GMM_ICA_9,0.00431588013080524,0.6,0.9532547816300345,0.5645096333999423,calculate_mean,euclidean
GMM_ICA_9,0.009197561998580241,0.3,0.9478917315025811,0.5570614609211689,calculate_mean,cosine
GMM_ICA_9,0.004315880130805239,0.6,0.9545095388438145,0.5838991513907732,calculate_mean,manhattan
GMM_ICA_9,0.00431588013080524,0.6,0.9532547816300345,0.5645096333999423,calculate_nearest,euclidean
GMM_ICA_9,0.009197561998580241,0.3,0.9478917315025811,0.5570614609211689,calculate_nearest,cosine
GMM_ICA_9,0.004315880130805239,0.6,0.9545095388438145,0.5838991513907732,calculate_nearest,manhattan
GMM_ICA_9,0.00431588013080524,0.6,0.9532547816300345,0.5645096333999423,calculate_farthest,euclidean
GMM_ICA_9,0.009197561998580241,0.3,0.9478917315025811,0.5570614609211689,calculate_farthest,cosine
GMM_ICA_9,0.004315880130805239,0.6,0.9545095388438145,0.5838991513907732,calculate_farthest,manhattan
KMeans_ICA_5,0.0071175641461863615,0.2,0.9490265460585301,0.5245210332868209,calculate_mean,euclidean
KMeans_ICA_5,0.010811455242430153,0.6,0.9475574250426794,0.5583419289010683,calculate_mean,cosine
KMeans_ICA_5,0.006972931639921901,0.5,0.9489802077823337,0.527109948636282,calculate_mean,manhattan
KMeans_ICA_5,0.0071175641461863615,0.2,0.9490265460585301,0.5245210332868209,calculate_nearest,euclidean
KMeans_ICA_5,0.010811455242430153,0.6,0.9475574250426794,0.5583419289010683,calculate_nearest,cosine
KMeans_ICA_5,0.006972931639921901,0.5,0.9489802077823337,0.527109948636282,calculate_nearest,manhattan
KMeans_ICA_5,0.010885691217527967,0.4,0.9483062656173289,0.5436849956722639,calculate_farthest,euclidean
KMeans_ICA_5,0.008714478862572358,0.3,0.9438605651275247,0.5718246668128774,calculate_farthest,cosine
KMeans_ICA_5,0.010841705088988756,0.2,0.9464646782911265,0.5156075703377881,calculate_farthest,manhattan
KMeans_Default_2,0.704606976859648,0.1,0.13464302468258865,0.6801448639225633,calculate_mean,euclidean
KMeans_Default_2,0.755362543385286,0.5,0.14361992511015242,0.7227444295582169,calculate_mean,cosine
KMeans_Default_2,0.7138894250907329,0.2,0.13249873404045334,0.6723587377942899,calculate_mean,manhattan
KMeans_Default_2,0.704606976859648,0.1,0.13464302468258865,0.6801448639225633,calculate_nearest,euclidean
KMeans_Default_2,0.755362543385286,0.5,0.14361992511015242,0.7227444295582169,calculate_nearest,cosine
KMeans_Default_2,0.7138894250907329,0.2,0.13249873404045334,0.6723587377942899,calculate_nearest,manhattan
KMeans_Default_2,0.704606976859648,0.1,0.13464302468258865,0.6801448639225633,calculate_farthest,euclidean
KMeans_Default_2,0.755362543385286,0.5,0.14361992511015242,0.7227444295582169,calculate_farthest,cosine
KMeans_Default_2,0.7138894250907329,0.2,0.13249873404045334,0.6723587377942899,calculate_farthest,manhattan
GMM_Default_3,0.9285678036263302,0.1,0.13065273370999061,0.6627941758837604,calculate_mean,euclidean
GMM_Default_3,0.9848438628530322,0.4,0.13027037453915488,0.6797962432337769,calculate_mean,cosine
GMM_Default_3,0.7106210105444893,0.1,0.14036005382419667,0.7023449648059228,calculate_mean,manhattan
GMM_Default_3,0.9285678036263302,0.1,0.13065273370999061,0.6627941758837604,calculate_nearest,euclidean
GMM_Default_3,0.9848438628530322,0.4,0.13027037453915488,0.6797962432337769,calculate_nearest,cosine
GMM_Default_3,0.7106210105444893,0.1,0.14036005382419667,0.7023449648059228,calculate_nearest,manhattan
GMM_Default_3,0.9285678036263302,0.1,0.13065273370999061,0.6627941758837604,calculate_farthest,euclidean
GMM_Default_3,0.9848438628530322,0.4,0.13027037453915488,0.6797962432337769,calculate_farthest,cosine
GMM_Default_3,0.7106210105444893,0.1,0.14036005382419667,0.7023449648059228,calculate_farthest,manhattan
KMeans_PCA_3,0.018910037146146412,0.2,0.17702872053160723,0.569650837142458,calculate_mean,euclidean
KMeans_PCA_3,0.6695611258726325,0.3,0.14656151218835936,0.5506889786129219,calculate_mean,cosine
KMeans_PCA_3,0.018910037146146412,0.2,0.1773298429105045,0.5720860282000718,calculate_mean,manhattan
KMeans_PCA_3,0.018910037146146412,0.2,0.17702872053160723,0.569650837142458,calculate_nearest,euclidean
KMeans_PCA_3,0.6695611258726325,0.3,0.14656151218835936,0.5506889786129219,calculate_nearest,cosine
KMeans_PCA_3,0.018910037146146412,0.2,0.1773298429105045,0.5720860282000718,calculate_nearest,manhattan
KMeans_PCA_3,0.3905893905054075,0.3,0.15041048808456228,0.4339190116952254,calculate_farthest,euclidean
KMeans_PCA_3,0.07850879925948533,0.2,0.16652119592561876,0.5256957668488504,calculate_farthest,cosine
KMeans_PCA_3,0.3493652654005495,0.3,0.1608077306910901,0.48875522708794544,calculate_farthest,manhattan
GMM_PCA_2,0.018910037146146412,0.2,0.17702872053160723,0.569650837142458,calculate_mean,euclidean
GMM_PCA_2,0.6695611258726325,0.3,0.14656151218835936,0.5506889786129219,calculate_mean,cosine
GMM_PCA_2,0.018910037146146412,0.2,0.1773298429105045,0.5720860282000718,calculate_mean,manhattan
GMM_PCA_2,0.018910037146146412,0.2,0.17702872053160723,0.569650837142458,calculate_nearest,euclidean
GMM_PCA_2,0.6695611258726325,0.3,0.14656151218835936,0.5506889786129219,calculate_nearest,cosine
GMM_PCA_2,0.018910037146146412,0.2,0.1773298429105045,0.5720860282000718,calculate_nearest,manhattan
GMM_PCA_2,0.018910037146146412,0.2,0.17702872053160723,0.569650837142458,calculate_farthest,euclidean
GMM_PCA_2,0.6695611258726325,0.3,0.14656151218835936,0.5506889786129219,calculate_farthest,cosine
GMM_PCA_2,0.018910037146146412,0.2,0.1773298429105045,0.5720860282000718,calculate_farthest,manhattan
GMM_ICA_3,0.006690064925585478,0.6,0.9566886093509379,0.5567223121432899,calculate_mean,euclidean
GMM_ICA_3,0.010099469877541477,0.3,0.9458760827850374,0.580299057286091,calculate_mean,cosine
GMM_ICA_3,0.007856727233172142,0.2,0.9546057079535749,0.5328942809355601,calculate_mean,manhattan
GMM_ICA_3,0.005539109888248151,0.4,0.9565659875232013,0.5253734321234463,calculate_nearest,euclidean
GMM_ICA_3,0.007353193098355395,0.7,0.9490418055269072,0.5620870217488703,calculate_nearest,cosine
GMM_ICA_3,0.00795047029300009,0.5,0.958728785161826,0.5668821579426416,calculate_nearest,manhattan
GMM_ICA_3,0.008884521379834198,0.3,0.9527247197672258,0.495899100548296,calculate_farthest,euclidean
GMM_ICA_3,0.009917842997742303,0.6,0.9452354942430932,0.5660984537949778,calculate_farthest,cosine
GMM_ICA_3,0.008940436238448767,0.2,0.9552217888452714,0.5236893084333913,calculate_farthest,manhattan
GMM_ICA_9,0.006038306779554164,0.5,0.9573555613377208,0.5327382546116795,calculate_mean,euclidean
GMM_ICA_9,0.00898269376901739,0.5,0.9464373623306397,0.5715763157920568,calculate_mean,cosine
GMM_ICA_9,0.006220820051445388,0.5,0.9577327100860449,0.5408466793810407,calculate_mean,manhattan
GMM_ICA_9,0.006038306779554164,0.5,0.9573555613377208,0.5327382546116795,calculate_nearest,euclidean
GMM_ICA_9,0.00898269376901739,0.5,0.9464373623306397,0.5715763157920568,calculate_nearest,cosine
GMM_ICA_9,0.006220820051445388,0.5,0.9577327100860449,0.5408466793810407,calculate_nearest,manhattan
GMM_ICA_9,0.006038306779554164,0.5,0.9573555613377208,0.5327382546116795,calculate_farthest,euclidean
GMM_ICA_9,0.00898269376901739,0.5,0.9464373623306397,0.5715763157920568,calculate_farthest,cosine
GMM_ICA_9,0.006220820051445388,0.5,0.9577327100860449,0.5408466793810407,calculate_farthest,manhattan
KMeans_ICA_5,0.006038306779554164,0.5,0.9573555613377208,0.5327382546116795,calculate_mean,euclidean
KMeans_ICA_5,0.00898269376901739,0.5,0.9464373623306397,0.5715763157920568,calculate_mean,cosine
KMeans_ICA_5,0.006220820051445388,0.5,0.9577327100860449,0.5408466793810407,calculate_mean,manhattan
KMeans_ICA_5,0.006038306779554164,0.5,0.9573555613377208,0.5327382546116795,calculate_nearest,euclidean
KMeans_ICA_5,0.00898269376901739,0.5,0.9464373623306397,0.5715763157920568,calculate_nearest,cosine
KMeans_ICA_5,0.006220820051445388,0.5,0.9577327100860449,0.5408466793810407,calculate_nearest,manhattan
KMeans_ICA_5,0.012334340267910042,0.0,0.951294494234372,0.5192542839580063,calculate_farthest,euclidean
KMeans_ICA_5,0.010034556678575047,0.1,0.9412657970973043,0.5687778225439967,calculate_farthest,cosine
KMeans_ICA_5,0.011606446153395197,0.0,0.9525935283965464,0.530160444702423,calculate_farthest,manhattan
KMeans_Default_2,0.794908463350632,0.2,0.1307137393406973,0.6172448255354281,calculate_mean,euclidean
KMeans_Default_2,0.819908061662477,0.2,0.13219014901186898,0.6638282565170971,calculate_mean,cosine
KMeans_Default_2,0.7640369016211628,0.3,0.13734254349689368,0.6502089795624542,calculate_mean,manhattan
KMeans_Default_2,0.794908463350632,0.2,0.1307137393406973,0.6172448255354281,calculate_nearest,euclidean
KMeans_Default_2,0.819908061662477,0.2,0.13219014901186898,0.6638282565170971,calculate_nearest,cosine
KMeans_Default_2,0.7640369016211628,0.3,0.13734254349689368,0.6502089795624542,calculate_nearest,manhattan
KMeans_Default_2,0.794908463350632,0.2,0.1307137393406973,0.6172448255354281,calculate_farthest,euclidean
KMeans_Default_2,0.819908061662477,0.2,0.13219014901186898,0.6638282565170971,calculate_farthest,cosine
KMeans_Default_2,0.7640369016211628,0.3,0.13734254349689368,0.6502089795624542,calculate_farthest,manhattan
GMM_Default_3,0.7776947952706696,0.3,0.13551515636437272,0.6453125227247106,calculate_mean,euclidean
GMM_Default_3,0.9150959526976411,0.1,0.129560381793219,0.6576944526324282,calculate_mean,cosine
GMM_Default_3,0.8145497887738945,0.2,0.1346752664333742,0.641856673284285,calculate_mean,manhattan
GMM_Default_3,0.8297080924234309,0.3,0.13833671272246714,0.6536920621481757,calculate_nearest,euclidean
GMM_Default_3,0.7215670664362154,0.3,0.1352579982875665,0.6713879921544672,calculate_nearest,cosine
GMM_Default_3,0.8402437451155758,0.3,0.13560807686382872,0.6398861256895597,calculate_nearest,manhattan
GMM_Default_3,0.8297080924234309,0.3,0.13833671272246714,0.6536920621481757,calculate_farthest,euclidean
GMM_Default_3,0.7215670664362154,0.3,0.1352579982875665,0.6713879921544672,calculate_farthest,cosine
GMM_Default_3,0.8402437451155758,0.3,0.13560807686382872,0.6398861256895597,calculate_farthest,manhattan
KMeans_PCA_3,0.21947226899037042,0.2,0.19679169502096416,0.6654854588590389,calculate_mean,euclidean
KMeans_PCA_3,1.2869631640209085,0.3,0.1459323203703865,0.5393500567797586,calculate_mean,cosine
KMeans_PCA_3,0.21947226899037042,0.2,0.23569791361890643,0.7917967270769873,calculate_mean,manhattan
KMeans_PCA_3,0.21947226899037042,0.2,0.19679169502096416,0.6654854588590389,calculate_nearest,euclidean
KMeans_PCA_3,1.2869631640209085,0.3,0.1459323203703865,0.5393500567797586,calculate_nearest,cosine
KMeans_PCA_3,0.21947226899037042,0.2,0.23569791361890643,0.7917967270769873,calculate_nearest,manhattan
KMeans_PCA_3,0.6744610657630339,0.4,0.17260615331772255,0.6203513243382455,calculate_farthest,euclidean
KMeans_PCA_3,0.2644739961033024,0.0,0.17014634697208303,0.6946312146933444,calculate_farthest,cosine
KMeans_PCA_3,0.7997431553420928,0.3,0.1737063622119585,0.6265719408886421,calculate_farthest,manhattan
GMM_PCA_2,0.21947226899037042,0.2,0.19679169502096416,0.6654854588590389,calculate_mean,euclidean
GMM_PCA_2,1.2869631640209085,0.3,0.1459323203703865,0.5393500567797586,calculate_mean,cosine
GMM_PCA_2,0.21947226899037042,0.2,0.23569791361890643,0.7917967270769873,calculate_mean,manhattan
GMM_PCA_2,0.21947226899037042,0.2,0.19679169502096416,0.6654854588590389,calculate_nearest,euclidean
GMM_PCA_2,1.2869631640209085,0.3,0.1459323203703865,0.5393500567797586,calculate_nearest,cosine
GMM_PCA_2,0.21947226899037042,0.2,0.23569791361890643,0.7917967270769873,calculate_nearest,manhattan
GMM_PCA_2,0.21947226899037042,0.2,0.19679169502096416,0.6654854588590389,calculate_farthest,euclidean
GMM_PCA_2,1.2869631640209085,0.3,0.1459323203703865,0.5393500567797586,calculate_farthest,cosine
GMM_PCA_2,0.21947226899037042,0.2,0.23569791361890643,0.7917967270769873,calculate_farthest,manhattan
GMM_ICA_3,0.010501832692780325,0.7,0.9497137491028619,0.5397866493464527,calculate_mean,euclidean
GMM_ICA_3,0.016218708002139166,0.6,0.9394952772520074,0.5473867425896117,calculate_mean,cosine
GMM_ICA_3,0.01218828246321051,0.5,0.9438288770270787,0.49265192926893264,calculate_mean,manhattan
GMM_ICA_3,0.010501832692780325,0.7,0.9497137491028619,0.5397866493464527,calculate_nearest,euclidean
GMM_ICA_3,0.016218708002139166,0.6,0.9394952772520074,0.5473867425896117,calculate_nearest,cosine
GMM_ICA_3,0.01218828246321051,0.5,0.9438288770270787,0.49265192926893264,calculate_nearest,manhattan
GMM_ICA_3,0.008898822207071874,0.1,0.9490648361453397,0.5240945574649367,calculate_farthest,euclidean
GMM_ICA_3,0.019677337672387073,0.4,0.9340104482978858,0.582421252996068,calculate_farthest,cosine
GMM_ICA_3,0.008423148932039238,0.1,0.950705036098453,0.5512639459142779,calculate_farthest,manhattan
GMM_ICA_9,0.010619614284579247,0.6,0.951100701793244,0.5602150056799332,calculate_mean,euclidean
GMM_ICA_9,0.015894367558291312,0.6,0.946430324182692,0.6010700341116804,calculate_mean,cosine
GMM_ICA_9,0.012549539686082469,0.4,0.9494785545731869,0.5573401843911728,calculate_mean,manhattan
GMM_ICA_9,0.007272163420760062,0.3,0.9515699382367098,0.549307961459233,calculate_nearest,euclidean
GMM_ICA_9,0.012213400139919164,0.4,0.9494796792497683,0.5715759439993748,calculate_nearest,cosine
GMM_ICA_9,0.009394436078080003,0.2,0.9505976471929313,0.5570711099275999,calculate_nearest,manhattan
GMM_ICA_9,0.007272163420760062,0.3,0.9515699382367098,0.549307961459233,calculate_farthest,euclidean
GMM_ICA_9,0.012213400139919164,0.4,0.9494796792497683,0.5715759439993748,calculate_farthest,cosine
GMM_ICA_9,0.009394436078080003,0.2,0.9505976471929313,0.5570711099275999,calculate_farthest,manhattan
KMeans_ICA_5,0.010501832692780325,0.7,0.9497137491028619,0.5397866493464527,calculate_mean,euclidean
KMeans_ICA_5,0.016218708002139166,0.6,0.9423659378691729,0.5728753711518559,calculate_mean,cosine
KMeans_ICA_5,0.01218828246321051,0.5,0.9438288770270787,0.49265192926893264,calculate_mean,manhattan
KMeans_ICA_5,0.010501832692780325,0.7,0.9497137491028619,0.5397866493464527,calculate_nearest,euclidean
KMeans_ICA_5,0.016218708002139166,0.6,0.9423659378691729,0.5728753711518559,calculate_nearest,cosine
KMeans_ICA_5,0.01218828246321051,0.5,0.9438288770270787,0.49265192926893264,calculate_nearest,manhattan
KMeans_ICA_5,0.011119717908014295,0.3,0.9470964295707562,0.5260358459527069,calculate_farthest,euclidean
KMeans_ICA_5,0.01755479647314289,0.4,0.9204671649677753,0.5157219745943803,calculate_farthest,cosine
KMeans_ICA_5,0.011973992166690811,0.1,0.9429653711541853,0.49189338900390334,calculate_farthest,manhattan
KMeans_Default_2,0.6712215384404141,0.0,0.14921843702892418,0.7653518632594996,calculate_mean,euclidean
KMeans_Default_2,1.0947807091717054,0.4,0.12765934815730826,0.6964119618514228,calculate_mean,cosine
KMeans_Default_2,0.721398549714967,0.1,0.13971552250887112,0.7329437224308655,calculate_mean,manhattan
KMeans_Default_2,0.6712215384404141,0.0,0.14921843702892418,0.7653518632594996,calculate_nearest,euclidean
KMeans_Default_2,1.0947807091717054,0.4,0.12765934815730826,0.6964119618514228,calculate_nearest,cosine
KMeans_Default_2,0.721398549714967,0.1,0.13971552250887112,0.7329437224308655,calculate_nearest,manhattan
KMeans_Default_2,0.6712215384404141,0.0,0.14921843702892418,0.7653518632594996,calculate_farthest,euclidean
KMeans_Default_2,1.0947807091717054,0.4,0.12765934815730826,0.6964119618514228,calculate_farthest,cosine
KMeans_Default_2,0.721398549714967,0.1,0.13971552250887112,0.7329437224308655,calculate_farthest,manhattan
GMM_Default_3,0.6712215384404141,0.0,0.14921843702892418,0.7653518632594996,calculate_mean,euclidean
GMM_Default_3,1.0947807091717054,0.4,0.12765934815730826,0.6964119618514228,calculate_mean,cosine
GMM_Default_3,0.6972309761197099,0.0,0.13538384479292642,0.7167003217996466,calculate_mean,manhattan
GMM_Default_3,0.6712215384404141,0.0,0.14921843702892418,0.7653518632594996,calculate_nearest,euclidean
GMM_Default_3,1.0947807091717054,0.4,0.12765934815730826,0.6964119618514228,calculate_nearest,cosine
GMM_Default_3,0.6972309761197099,0.0,0.13538384479292642,0.7167003217996466,calculate_nearest,manhattan
GMM_Default_3,0.6712215384404141,0.0,0.14921843702892418,0.7653518632594996,calculate_farthest,euclidean
GMM_Default_3,1.0947807091717054,0.4,0.12765934815730826,0.6964119618514228,calculate_farthest,cosine
GMM_Default_3,0.6972309761197099,0.0,0.13538384479292642,0.7167003217996466,calculate_farthest,manhattan
KMeans_PCA_3,0.29622372744325953,0.4,0.16981377266405057,0.5049147146490434,calculate_mean,euclidean
KMeans_PCA_3,0.38175615691313275,0.5,0.15790937041330622,0.5498296389580639,calculate_mean,cosine
KMeans_PCA_3,0.29694366011543816,0.4,0.16880245144761644,0.4996335805733285,calculate_mean,manhattan
KMeans_PCA_3,0.29622372744325953,0.4,0.16981377266405057,0.5049147146490434,calculate_nearest,euclidean
KMeans_PCA_3,0.38175615691313275,0.5,0.15790937041330622,0.5498296389580639,calculate_nearest,cosine
KMeans_PCA_3,0.29694366011543816,0.4,0.16880245144761644,0.4996335805733285,calculate_nearest,manhattan
KMeans_PCA_3,0.22320157473515922,0.3,0.17632277603802574,0.5162747592079723,calculate_farthest,euclidean
KMeans_PCA_3,0.2644739961033024,0.1,0.12737719439828793,0.5271747160561846,calculate_farthest,cosine
KMeans_PCA_3,0.02456948229262616,0.1,0.1784401389761928,0.5079439554568855,calculate_farthest,manhattan
GMM_PCA_2,0.29622372744325953,0.4,0.16981377266405057,0.5049147146490434,calculate_mean,euclidean
GMM_PCA_2,0.38175615691313275,0.5,0.15790937041330622,0.5498296389580639,calculate_mean,cosine
GMM_PCA_2,0.29694366011543816,0.4,0.16880245144761644,0.4996335805733285,calculate_mean,manhattan
GMM_PCA_2,0.29622372744325953,0.4,0.16981377266405057,0.5049147146490434,calculate_nearest,euclidean
GMM_PCA_2,0.38175615691313275,0.5,0.15790937041330622,0.5498296389580639,calculate_nearest,cosine
GMM_PCA_2,0.29694366011543816,0.4,0.16880245144761644,0.4996335805733285,calculate_nearest,manhattan
GMM_PCA_2,0.29622372744325953,0.4,0.16981377266405057,0.5049147146490434,calculate_farthest,euclidean
GMM_PCA_2,0.38175615691313275,0.5,0.15790937041330622,0.5498296389580639,calculate_farthest,cosine
GMM_PCA_2,0.29694366011543816,0.4,0.16880245144761644,0.4996335805733285,calculate_farthest,manhattan
GMM_ICA_3,0.005308795358309688,0.1,0.9598949176968697,0.5808852133552924,calculate_mean,euclidean
GMM_ICA_3,0.01018011706406573,0.3,0.9543054739655819,0.5827204085299018,calculate_mean,cosine
GMM_ICA_3,0.0053966220899386965,0.1,0.960564853613202,0.594138053286388,calculate_mean,manhattan
GMM_ICA_3,0.005308795358309688,0.1,0.9598949176968697,0.5808852133552924,calculate_nearest,euclidean
GMM_ICA_3,0.01018011706406573,0.3,0.9543054739655819,0.5827204085299018,calculate_nearest,cosine
GMM_ICA_3,0.0053966220899386965,0.1,0.960564853613202,0.594138053286388,calculate_nearest,manhattan
GMM_ICA_3,0.009419357993033775,0.2,0.9580201719672478,0.5743058663771002,calculate_farthest,euclidean
GMM_ICA_3,0.010273099818700294,0.3,0.9530493069021058,0.5820676398344121,calculate_farthest,cosine
GMM_ICA_3,0.008480399748738715,0.5,0.9566027581266943,0.5534166703042405,calculate_farthest,manhattan
GMM_ICA_9,0.00541471065456202,0.2,0.9606440982556623,0.5920758324413657,calculate_mean,euclidean
GMM_ICA_9,0.00975381963716135,0.3,0.9562240156229094,0.59278970946259,calculate_mean,cosine
GMM_ICA_9,0.005483847499144639,0.2,0.9593343639723939,0.571497071956335,calculate_mean,manhattan
GMM_ICA_9,0.00541471065456202,0.2,0.9606440982556623,0.5920758324413657,calculate_nearest,euclidean
GMM_ICA_9,0.00975381963716135,0.3,0.9562240156229094,0.59278970946259,calculate_nearest,cosine
GMM_ICA_9,0.005483847499144639,0.2,0.9593343639723939,0.571497071956335,calculate_nearest,manhattan
GMM_ICA_9,0.00541471065456202,0.2,0.9606440982556623,0.5920758324413657,calculate_farthest,euclidean
GMM_ICA_9,0.00975381963716135,0.3,0.9562240156229094,0.59278970946259,calculate_farthest,cosine
GMM_ICA_9,0.005483847499144639,0.2,0.9593343639723939,0.571497071956335,calculate_farthest,manhattan
KMeans_ICA_5,0.00541471065456202,0.2,0.9606440982556623,0.5920758324413657,calculate_mean,euclidean
KMeans_ICA_5,0.01018011706406573,0.3,0.9543054739655819,0.5827204085299018,calculate_mean,cosine
KMeans_ICA_5,0.005483847499144639,0.2,0.9593343639723939,0.571497071956335,calculate_mean,manhattan
KMeans_ICA_5,0.00541471065456202,0.2,0.9606440982556623,0.5920758324413657,calculate_nearest,euclidean
KMeans_ICA_5,0.01018011706406573,0.3,0.9543054739655819,0.5827204085299018,calculate_nearest,cosine
KMeans_ICA_5,0.005483847499144639,0.2,0.9593343639723939,0.571497071956335,calculate_nearest,manhattan
KMeans_ICA_5,0.009445508695245805,0.4,0.9504092804724595,0.5120892030027209,calculate_farthest,euclidean
KMeans_ICA_5,0.00940984754952586,0.2,0.9464837418344536,0.5591981597909175,calculate_farthest,cosine
KMeans_ICA_5,0.009186031106171165,0.5,0.9509102373704106,0.5274127127710615,calculate_farthest,manhattan
KMeans_Default_2,0.49746664414690117,0.1,0.14231255554749764,0.7090553500430976,calculate_mean,euclidean
KMeans_Default_2,0.5071513155518953,0.1,0.14024876117184779,0.7047439107194146,calculate_mean,cosine
KMeans_Default_2,0.531560812696752,0.1,0.14186740140885357,0.7069636141183773,calculate_mean,manhattan
KMeans_Default_2,0.49746664414690117,0.1,0.14231255554749764,0.7090553500430976,calculate_nearest,euclidean
KMeans_Default_2,0.5071513155518953,0.1,0.14024876117184779,0.7047439107194146,calculate_nearest,cosine
KMeans_Default_2,0.531560812696752,0.1,0.14186740140885357,0.7069636141183773,calculate_nearest,manhattan
KMeans_Default_2,0.49746664414690117,0.1,0.14231255554749764,0.7090553500430976,calculate_farthest,euclidean
KMeans_Default_2,0.5071513155518953,0.1,0.14024876117184779,0.7047439107194146,calculate_farthest,cosine
KMeans_Default_2,0.531560812696752,0.1,0.14186740140885357,0.7069636141183773,calculate_farthest,manhattan
GMM_Default_3,0.5071627471543626,0.1,0.14162272055825634,0.706638874261402,calculate_mean,euclidean
GMM_Default_3,0.5039011994766625,0.1,0.13533470643633758,0.6845429860973725,calculate_mean,cosine
GMM_Default_3,0.5274206576111011,0.1,0.1413791277128932,0.7052930995557515,calculate_mean,manhattan
GMM_Default_3,0.5071627471543626,0.1,0.14162272055825634,0.706638874261402,calculate_nearest,euclidean
GMM_Default_3,0.5039011994766625,0.1,0.13533470643633758,0.6845429860973725,calculate_nearest,cosine
GMM_Default_3,0.5274206576111011,0.1,0.1413791277128932,0.7052930995557515,calculate_nearest,manhattan
GMM_Default_3,0.5071627471543626,0.1,0.14162272055825634,0.706638874261402,calculate_farthest,euclidean
GMM_Default_3,0.5039011994766625,0.1,0.13533470643633758,0.6845429860973725,calculate_farthest,cosine
GMM_Default_3,0.5274206576111011,0.1,0.1413791277128932,0.7052930995557515,calculate_farthest,manhattan
KMeans_PCA_3,0.02381581033440429,0.1,0.20511514207573686,0.5739199655684946,calculate_mean,euclidean
KMeans_PCA_3,0.2644739961033024,0.1,0.14102414187493653,0.5638932357535348,calculate_mean,cosine
KMeans_PCA_3,0.02381581033440428,0.1,0.20456348829040477,0.5696664145146091,calculate_mean,manhattan
KMeans_PCA_3,0.026411118935488247,0.2,0.20400361313832518,0.5653095356188975,calculate_nearest,euclidean
KMeans_PCA_3,0.801016384942952,0.3,0.18058754092308243,0.5578031351212672,calculate_nearest,cosine
KMeans_PCA_3,0.026151326370080812,0.4,0.2044694825232993,0.5689568176269716,calculate_nearest,manhattan
KMeans_PCA_3,0.02381581033440429,0.1,0.20511514207573686,0.5739199655684946,calculate_farthest,euclidean
KMeans_PCA_3,0.2644739961033024,0.1,0.14102414187493653,0.5638932357535348,calculate_farthest,cosine
KMeans_PCA_3,0.02381581033440428,0.1,0.20456348829040477,0.5696664145146091,calculate_farthest,manhattan
GMM_PCA_2,0.026411118935488247,0.2,0.20400361313832518,0.5653095356188975,calculate_mean,euclidean
GMM_PCA_2,0.801016384942952,0.3,0.18058754092308243,0.5578031351212672,calculate_mean,cosine
GMM_PCA_2,0.026151326370080812,0.4,0.2044694825232993,0.5689568176269716,calculate_mean,manhattan
GMM_PCA_2,0.026411118935488247,0.2,0.20400361313832518,0.5653095356188975,calculate_nearest,euclidean
GMM_PCA_2,0.801016384942952,0.3,0.18058754092308243,0.5578031351212672,calculate_nearest,cosine
GMM_PCA_2,0.026151326370080812,0.4,0.2044694825232993,0.5689568176269716,calculate_nearest,manhattan
GMM_PCA_2,0.026411118935488247,0.2,0.20400361313832518,0.5653095356188975,calculate_farthest,euclidean
GMM_PCA_2,0.801016384942952,0.3,0.18058754092308243,0.5578031351212672,calculate_farthest,cosine
GMM_PCA_2,0.026151326370080812,0.4,0.2044694825232993,0.5689568176269716,calculate_farthest,manhattan
GMM_ICA_3,0.009735099807140843,0.3,0.9489868205831512,0.5075587154001902,calculate_mean,euclidean
GMM_ICA_3,0.015268894807965566,0.3,0.932178525515334,0.556966837095561,calculate_mean,cosine
GMM_ICA_3,0.010348457706916172,0.5,0.9510909043743312,0.5390935609179982,calculate_mean,manhattan
GMM_ICA_3,0.009735099807140843,0.3,0.9489868205831512,0.5075587154001902,calculate_nearest,euclidean
GMM_ICA_3,0.015268894807965566,0.3,0.932178525515334,0.556966837095561,calculate_nearest,cosine
GMM_ICA_3,0.010348457706916172,0.5,0.9510909043743312,0.5390935609179982,calculate_nearest,manhattan
GMM_ICA_3,0.008919466161365257,0.1,0.9485219780759895,0.48968061457323786,calculate_farthest,euclidean
GMM_ICA_3,0.018627551097862127,0.1,0.934722708246069,0.551692211907061,calculate_farthest,cosine
GMM_ICA_3,0.009263076316685765,0.3,0.9477549662734415,0.4854225086151693,calculate_farthest,manhattan
GMM_ICA_9,0.006052040819171483,0.5,0.9506763460121812,0.500968283509697,calculate_mean,euclidean
GMM_ICA_9,0.0121522303216345,0.1,0.938043486309572,0.5278895018000382,calculate_mean,cosine
GMM_ICA_9,0.006722696383541165,0.5,0.9516889021157954,0.5204426499992202,calculate_mean,manhattan
GMM_ICA_9,0.006052040819171483,0.5,0.9506763460121812,0.500968283509697,calculate_nearest,euclidean
GMM_ICA_9,0.0121522303216345,0.1,0.938043486309572,0.5278895018000382,calculate_nearest,cosine
GMM_ICA_9,0.006722696383541165,0.5,0.9516889021157954,0.5204426499992202,calculate_nearest,manhattan
GMM_ICA_9,0.006052040819171483,0.5,0.9506763460121812,0.500968283509697,calculate_farthest,euclidean
GMM_ICA_9,0.0121522303216345,0.1,0.938043486309572,0.5278895018000382,calculate_farthest,cosine
GMM_ICA_9,0.006722696383541165,0.5,0.9516889021157954,0.5204426499992202,calculate_farthest,manhattan
KMeans_ICA_5,0.009735099807140843,0.3,0.9506069314368634,0.5271471708629057,calculate_mean,euclidean
KMeans_ICA_5,0.013130279238525928,0.2,0.9403138837246569,0.5539016801790891,calculate_mean,cosine
KMeans_ICA_5,0.010348457706916172,0.5,0.9479561777984622,0.5021743629679863,calculate_mean,manhattan
KMeans_ICA_5,0.009735099807140843,0.3,0.9506069314368634,0.5271471708629057,calculate_nearest,euclidean
KMeans_ICA_5,0.013130279238525928,0.2,0.9403138837246569,0.5539016801790891,calculate_nearest,cosine
KMeans_ICA_5,0.010348457706916172,0.5,0.9479561777984622,0.5021743629679863,calculate_nearest,manhattan
KMeans_ICA_5,0.01087555871293191,0.3,0.9482346530700948,0.5170770968764723,calculate_farthest,euclidean
KMeans_ICA_5,0.01858070270118823,0.1,0.9227377472540789,0.5089174428934736,calculate_farthest,cosine
KMeans_ICA_5,0.0119592568558526,0.3,0.9474167502471141,0.5315123377072088,calculate_farthest,manhattan
KMeans_Default_2,0.512619451684858,0.0,0.1388048084994182,0.6931396835727844,calculate_mean,euclidean
KMeans_Default_2,0.6438193747073875,0.1,0.1338316070874716,0.6878486436521112,calculate_mean,cosine
KMeans_Default_2,0.6589920811127752,0.2,0.1399634794813505,0.699551761517243,calculate_mean,manhattan
KMeans_Default_2,0.512619451684858,0.0,0.1388048084994182,0.6931396835727844,calculate_nearest,euclidean
KMeans_Default_2,0.6438193747073875,0.1,0.1338316070874716,0.6878486436521112,calculate_nearest,cosine
KMeans_Default_2,0.6589920811127752,0.2,0.1399634794813505,0.699551761517243,calculate_nearest,manhattan
KMeans_Default_2,0.512619451684858,0.0,0.1388048084994182,0.6931396835727844,calculate_farthest,euclidean
KMeans_Default_2,0.6438193747073875,0.1,0.1338316070874716,0.6878486436521112,calculate_farthest,cosine
KMeans_Default_2,0.6589920811127752,0.2,0.1399634794813505,0.699551761517243,calculate_farthest,manhattan
GMM_Default_3,0.5623099417623159,0.1,0.13826324086205627,0.693378831399513,calculate_mean,euclidean
GMM_Default_3,0.6222279315287974,0.1,0.13849062565138673,0.7012258600872108,calculate_mean,cosine
GMM_Default_3,0.5642693416010284,0.2,0.1366283742466659,0.6863416624833796,calculate_mean,manhattan
GMM_Default_3,0.5623099417623159,0.1,0.13826324086205627,0.693378831399513,calculate_nearest,euclidean
GMM_Default_3,0.6222279315287974,0.1,0.13849062565138673,0.7012258600872108,calculate_nearest,cosine
GMM_Default_3,0.5642693416010284,0.2,0.1366283742466659,0.6863416624833796,calculate_nearest,manhattan
GMM_Default_3,0.5623099417623159,0.1,0.13826324086205627,0.693378831399513,calculate_farthest,euclidean
GMM_Default_3,0.6222279315287974,0.1,0.13849062565138673,0.7012258600872108,calculate_farthest,cosine
GMM_Default_3,0.5642693416010284,0.2,0.1366283742466659,0.6863416624833796,calculate_farthest,manhattan
KMeans_PCA_3,0.015164825787373465,0.1,0.22197448212604204,0.617387055900771,calculate_mean,euclidean
KMeans_PCA_3,0.4936015368769325,0.2,0.1940302533244802,0.5824558988442444,calculate_mean,cosine
KMeans_PCA_3,0.015213025840095333,0.2,0.2216444007648336,0.6157226511924992,calculate_mean,manhattan
KMeans_PCA_3,0.015164825787373465,0.1,0.22197448212604204,0.617387055900771,calculate_nearest,euclidean
KMeans_PCA_3,0.4936015368769325,0.2,0.1940302533244802,0.5824558988442444,calculate_nearest,cosine
KMeans_PCA_3,0.015213025840095333,0.2,0.2216444007648336,0.6157226511924992,calculate_nearest,manhattan
KMeans_PCA_3,0.033846956997936245,0.0,0.22129962186020363,0.614047279836736,calculate_farthest,euclidean
KMeans_PCA_3,0.2644739961033024,0.1,0.15452624565548959,0.6129149081696114,calculate_farthest,cosine
KMeans_PCA_3,0.02034039827304219,0.1,0.22049346753245608,0.6098261165994338,calculate_farthest,manhattan
GMM_PCA_2,0.015164825787373465,0.1,0.22197448212604204,0.617387055900771,calculate_mean,euclidean
GMM_PCA_2,0.4936015368769325,0.2,0.1940302533244802,0.5824558988442444,calculate_mean,cosine
GMM_PCA_2,0.015213025840095333,0.2,0.2216444007648336,0.6157226511924992,calculate_mean,manhattan
GMM_PCA_2,0.015164825787373465,0.1,0.22197448212604204,0.617387055900771,calculate_nearest,euclidean
GMM_PCA_2,0.4936015368769325,0.2,0.1940302533244802,0.5824558988442444,calculate_nearest,cosine
GMM_PCA_2,0.015213025840095333,0.2,0.2216444007648336,0.6157226511924992,calculate_nearest,manhattan
GMM_PCA_2,0.015164825787373465,0.1,0.22197448212604204,0.617387055900771,calculate_farthest,euclidean
GMM_PCA_2,0.4936015368769325,0.2,0.1940302533244802,0.5824558988442444,calculate_farthest,cosine
GMM_PCA_2,0.015213025840095333,0.2,0.2216444007648336,0.6157226511924992,calculate_farthest,manhattan
GMM_ICA_3,0.007777443697907318,0.4,0.9455335282820394,0.5528152265836368,calculate_mean,euclidean
GMM_ICA_3,0.01994876053030788,0.3,0.9259707189287967,0.5678667701214755,calculate_mean,cosine
GMM_ICA_3,0.009566716078506876,0.2,0.9434056400898196,0.5392435958764223,calculate_mean,manhattan
GMM_ICA_3,0.010011871168113194,0.4,0.9486342090866667,0.5909989404829985,calculate_nearest,euclidean
GMM_ICA_3,0.010584191795770458,0.3,0.9360887123410894,0.6013131711797624,calculate_nearest,cosine
GMM_ICA_3,0.012177256052280356,0.3,0.941036253487424,0.514100342118016,calculate_nearest,manhattan
GMM_ICA_3,0.009294816034134522,0.1,0.9425651509139992,0.5172660166161858,calculate_farthest,euclidean
GMM_ICA_3,0.0171771780261207,0.6,0.9297072325854556,0.5816895188412643,calculate_farthest,cosine
GMM_ICA_3,0.009079264301541608,0.2,0.9440445062419748,0.5273320662289481,calculate_farthest,manhattan
GMM_ICA_9,0.007309408022480045,0.3,0.9450166033242205,0.5471135024560537,calculate_mean,euclidean
GMM_ICA_9,0.017733489509071367,0.3,0.9352937591715962,0.5707747151355318,calculate_mean,cosine
GMM_ICA_9,0.008128211637716272,0.2,0.9467462664650197,0.5746958201525574,calculate_mean,manhattan
GMM_ICA_9,0.006959590234331655,0.0,0.9441971859684558,0.5091570838027697,calculate_nearest,euclidean
GMM_ICA_9,0.012472403658069613,0.1,0.9368112633185203,0.549525456562089,calculate_nearest,cosine
GMM_ICA_9,0.0064559015392665325,0.0,0.9435062720097069,0.49122607801761686,calculate_nearest,manhattan
GMM_ICA_9,0.006959590234331655,0.0,0.9441971859684558,0.5091570838027697,calculate_farthest,euclidean
GMM_ICA_9,0.012472403658069613,0.1,0.9368112633185203,0.549525456562089,calculate_farthest,cosine
GMM_ICA_9,0.0064559015392665325,0.0,0.9435062720097069,0.49122607801761686,calculate_farthest,manhattan
KMeans_ICA_5,0.007777443697907318,0.4,0.9455335282820394,0.5528152265836368,calculate_mean,euclidean
KMeans_ICA_5,0.017013506497102395,0.3,0.9318058815223581,0.5508140334451136,calculate_mean,cosine
KMeans_ICA_5,0.008806821101584934,0.2,0.9473631095071126,0.5825946030700377,calculate_mean,manhattan
KMeans_ICA_5,0.010011871168113194,0.4,0.9445786493895301,0.5434786049686293,calculate_nearest,euclidean
KMeans_ICA_5,0.010584191795770458,0.3,0.9360887123410894,0.6013131711797624,calculate_nearest,cosine
KMeans_ICA_5,0.012177256052280356,0.3,0.9410313578830236,0.5140505257980622,calculate_nearest,manhattan
KMeans_ICA_5,0.010815444026596795,0.1,0.9428309645619936,0.5312037806102199,calculate_farthest,euclidean
KMeans_ICA_5,0.021933399680049426,0.5,0.9171126768506398,0.5690457190279795,calculate_farthest,cosine
KMeans_ICA_5,0.010362207909070505,0.0,0.9445787486248896,0.5508725532159645,calculate_farthest,manhattan
KMeans_Default_2,0.8433710873411834,0.0,0.1447983665853877,0.6949182869312645,calculate_mean,euclidean
KMeans_Default_2,0.8403380009887452,0.2,0.1415337525517736,0.7003252987667904,calculate_mean,cosine
KMeans_Default_2,1.0896578382773472,0.0,0.12873904979260273,0.6344198910876455,calculate_mean,manhattan
KMeans_Default_2,0.8433710873411834,0.0,0.1447983665853877,0.6949182869312645,calculate_nearest,euclidean
KMeans_Default_2,0.8403380009887452,0.2,0.1415337525517736,0.7003252987667904,calculate_nearest,cosine
KMeans_Default_2,1.0896578382773472,0.0,0.12873904979260273,0.6344198910876455,calculate_nearest,manhattan
KMeans_Default_2,0.8433710873411834,0.0,0.1447983665853877,0.6949182869312645,calculate_farthest,euclidean
KMeans_Default_2,0.8403380009887452,0.2,0.1415337525517736,0.7003252987667904,calculate_farthest,cosine
KMeans_Default_2,1.0896578382773472,0.0,0.12873904979260273,0.6344198910876455,calculate_farthest,manhattan
GMM_Default_3,0.8595004222243238,0.1,0.14126191146538764,0.6815456244221084,calculate_mean,euclidean
GMM_Default_3,0.8417539104582356,0.4,0.13215919520914104,0.6666425040293281,calculate_mean,cosine
GMM_Default_3,0.8807578106974416,0.2,0.1456724395167338,0.6981910073444397,calculate_mean,manhattan
GMM_Default_3,0.8595004222243238,0.1,0.14126191146538764,0.6815456244221084,calculate_nearest,euclidean
GMM_Default_3,0.8417539104582356,0.4,0.13215919520914104,0.6666425040293281,calculate_nearest,cosine
GMM_Default_3,0.8807578106974416,0.2,0.1456724395167338,0.6981910073444397,calculate_nearest,manhattan
GMM_Default_3,0.8595004222243238,0.1,0.14126191146538764,0.6815456244221084,calculate_farthest,euclidean
GMM_Default_3,0.8417539104582356,0.4,0.13215919520914104,0.6666425040293281,calculate_farthest,cosine
GMM_Default_3,0.8807578106974416,0.2,0.1456724395167338,0.6981910073444397,calculate_farthest,manhattan
